path,sha256,origin,license,notice,inclusion_decision
src/Files.App/7z.dll,51075af59f6696d5dc5446ba39fabfd0022628cdcfa41c80e7cb66e3bf4ee55d,Files baseline 99951c66928c4da714da8b1dd46039421182cbab; verify package-specific origin,NOASSERTION,REVIEW_REQUIRED,REVIEW_REQUIRED
src/Files.App/7z64.dll,bbd705e3b58ca7677c1e9e67473f166a6712da034dcb567d571fbb67507a443f,Files baseline 99951c66928c4da714da8b1dd46039421182cbab; verify package-specific origin,NOASSERTION,REVIEW_REQUIRED,REVIEW_REQUIRED
src/Files.App/7zArm64.dll,b5ac136ed5d8d1b67fe10c50b2a0c9cf6c01f9ccc3b082bc8411ac728f62d1de,Files baseline 99951c66928c4da714da8b1dd46039421182cbab; verify package-specific origin,NOASSERTION,REVIEW_REQUIRED,REVIEW_REQUIRED
src/Files.App/Assets/AppTiles/Dev/BadgeLogo.scale-100.png,dbc69c3e0770745a9f16bf29fa2ced216199425280ee63cf3bce66a44ded95a8,Files baseline 99951c66928c4da714da8b1dd46039421182cbab; verify package-specific origin,NOASSERTION,REVIEW_REQUIRED,excluded
src/Files.App/Assets/AppTiles/Dev/BadgeLogo.scale-125.png,b3496a1a705931b465eb84b4dd03b41ce0c85411c9ad21f0d039b2972c45a4b9,Files baseline 99951c66928c4da714da8b1dd46039421182cbab; verify package-specific origin,NOASSERTION,REVIEW_REQUIRED,excluded
src/Files.App/Assets/AppTiles/Dev/BadgeLogo.scale-150.png,c963f6837757c3947cb2f9fda1b33e4e1f1e130ec29a2c7494f4ea56b5e2c17b,Files baseline 99951c66928c4da714da8b1dd46039421182cbab; verify package-specific origin,NOASSERTION,REVIEW_REQUIRED,excluded
src/Files.App/Assets/AppTiles/Dev/BadgeLogo.scale-200.png,7e3fe1cb26c0547ebbb59ee1a7248df96f429512fbb9f36e70e09581ce2a667c,Files baseline 99951c66928c4da714da8b1dd46039421182cbab; verify package-specific origin,NOASSERTION,REVIEW_REQUIRED,excluded
src/Files.App/Assets/AppTiles/Dev/BadgeLogo.scale-400.png,4d675ec66c0ac34a26595e28a145702b489b4c1b2957293698d897eb7efa16c4,Files baseline 99951c66928c4da714da8b1dd46039421182cbab; verify package-specific origin,NOASSERTION,REVIEW_REQUIRED,excluded
src/Files.App/Assets/AppTiles/Dev/Large310x310Logo.scale-100.png,e76c70847668ced12935cadeb0e013df854d0f5c8b661d193c1dacc1e6533ace,Files baseline 99951c66928c4da714da8b1dd46039421182cbab; verify package-specific origin,NOASSERTION,REVIEW_REQUIRED,excluded
src/Files.App/Assets/AppTiles/Dev/Large310x310Logo.scale-125.png,d5408d4babcc0e58b565e00ab062d3d9aba02b74b992c04f54b2cb40ad26eeb2,Files baseline 99951c66928c4da714da8b1dd46039421182cbab; verify package-specific origin,NOASSERTION,REVIEW_REQUIRED,excluded
src/Files.App/Assets/AppTiles/Dev/Large310x310Logo.scale-150.png,f09e7f4d7ed5d20a47d94ed6a813c7dd8a137a9fcebba7ed19aa3b2f082f31d0,Files baseline 99951c66928c4da714da8b1dd46039421182cbab; verify package-specific origin,NOASSERTION,REVIEW_REQUIRED,excluded
src/Files.App/Assets/AppTiles/Dev/Large310x310Logo.scale-200.png,f000c3176eefb1038e771b2bee1d7c8e0c92c0c63c6801b3c78cc5f6825d6231,Files baseline 99951c66928c4da714da8b1dd46039421182cbab; verify package-specific origin,NOASSERTION,REVIEW_REQUIRED,excluded
src/Files.App/Assets/AppTiles/Dev/Large310x310Logo.scale-400.png,b2a7d7ed76c6e0baba26ac7b1abeb0df1637773b3e59e8937ab9e642f1f9d4a5,Files baseline 99951c66928c4da714da8b1dd46039421182cbab; verify package-specific origin,NOASSERTION,REVIEW_REQUIRED,excluded
src/Files.App/Assets/AppTiles/Dev/Logo.ico,5c066254eab153ada98cc8346e3f7dc8c2c5cd2ed05a747d88ab044ee1857c30,Files baseline 99951c66928c4da714da8b1dd46039421182cbab; verify package-specific origin,NOASSERTION,REVIEW_REQUIRED,excluded
src/Files.App/Assets/AppTiles/Dev/Small71x71Logo.scale-100.png,c4be1fb5a70baee172558d52960d66b2440d84ba3d81a250675dad8d82d08e73,Files baseline 99951c66928c4da714da8b1dd46039421182cbab; verify package-specific origin,NOASSERTION,REVIEW_REQUIRED,excluded
src/Files.App/Assets/AppTiles/Dev/Small71x71Logo.scale-125.png,9b7020856d236ffba949d8ec855e4261090189bae9271f2ca01b60cc1dac0486,Files baseline 99951c66928c4da714da8b1dd46039421182cbab; verify package-specific origin,NOASSERTION,REVIEW_REQUIRED,excluded
src/Files.App/Assets/AppTiles/Dev/Small71x71Logo.scale-150.png,40bd31771988838829d65e92bce9faa038879cc2b653a5b5187206052f62a35e,Files baseline 99951c66928c4da714da8b1dd46039421182cbab; verify package-specific origin,NOASSERTION,REVIEW_REQUIRED,excluded
src/Files.App/Assets/AppTiles/Dev/Small71x71Logo.scale-200.png,969377b93dd5a7a764b7355af03988c2b32403562134566b06c4c1b821abcae5,Files baseline 99951c66928c4da714da8b1dd46039421182cbab; verify package-specific origin,NOASSERTION,REVIEW_REQUIRED,excluded
src/Files.App/Assets/AppTiles/Dev/Small71x71Logo.scale-400.png,1d7eff63452125df54855fc652b2aaa709e0bbdc86ecffe1c9e39bcfdf89c6bd,Files baseline 99951c66928c4da714da8b1dd46039421182cbab; verify package-specific origin,NOASSERTION,REVIEW_REQUIRED,excluded
src/Files.App/Assets/AppTiles/Dev/SplashScreen.scale-100.png,3534a9f52a4890e07bfc383f2e98219675c113547d54264c077db0e6f44b27c8,Files baseline 99951c66928c4da714da8b1dd46039421182cbab; verify package-specific origin,NOASSERTION,REVIEW_REQUIRED,excluded
src/Files.App/Assets/AppTiles/Dev/SplashScreen.scale-125.png,d5dedac540e34a0908bb594f7e0bf13f25ef6ed5f6c53cd8f581063039c7681d,Files baseline 99951c66928c4da714da8b1dd46039421182cbab; verify package-specific origin,NOASSERTION,REVIEW_REQUIRED,excluded
src/Files.App/Assets/AppTiles/Dev/SplashScreen.scale-150.png,ab84d1ed3fa3fb8de58d0241595c15e1f85e25ca0ee268505a864b0a424c1c30,Files baseline 99951c66928c4da714da8b1dd46039421182cbab; verify package-specific origin,NOASSERTION,REVIEW_REQUIRED,excluded
src/Files.App/Assets/AppTiles/Dev/SplashScreen.scale-200.png,71d9a2364e059abf9391b448b0a2c8f4ea4528f5497292c892e15847b6ea4857,Files baseline 99951c66928c4da714da8b1dd46039421182cbab; verify package-specific origin,NOASSERTION,REVIEW_REQUIRED,excluded
src/Files.App/Assets/AppTiles/Dev/SplashScreen.scale-400.png,57c107746427479fa40a063b78bc5c4444c307c2ed19768caa771029f9a32e3b,Files baseline 99951c66928c4da714da8b1dd46039421182cbab; verify package-specific origin,NOASSERTION,REVIEW_REQUIRED,excluded
src/Files.App/Assets/AppTiles/Dev/Square150x150Logo.scale-100.png,1ceb6513a895d629d0058be1116d7b7168b0c3eae4a683132a0e68ca98777ead,Files baseline 99951c66928c4da714da8b1dd46039421182cbab; verify package-specific origin,NOASSERTION,REVIEW_REQUIRED,excluded
src/Files.App/Assets/AppTiles/Dev/Square150x150Logo.scale-125.png,f63defab5003e754300e190ed1c64a92950f5a21def82aad634418f37a485c3c,Files baseline 99951c66928c4da714da8b1dd46039421182cbab; verify package-specific origin,NOASSERTION,REVIEW_REQUIRED,excluded
src/Files.App/Assets/AppTiles/Dev/Square150x150Logo.scale-150.png,194363e8667fdc058e5907c39f48f75ca61b65d05305849ab569b75adf30fc82,Files baseline 99951c66928c4da714da8b1dd46039421182cbab; verify package-specific origin,NOASSERTION,REVIEW_REQUIRED,excluded
src/Files.App/Assets/AppTiles/Dev/Square150x150Logo.scale-200.png,4d54d49392722d26405adce3b8f4749e21fbaef7f174d3b2372caa043c07ee60,Files baseline 99951c66928c4da714da8b1dd46039421182cbab; verify package-specific origin,NOASSERTION,REVIEW_REQUIRED,excluded
src/Files.App/Assets/AppTiles/Dev/Square150x150Logo.scale-400.png,063adad3637d2a97faf0249acea105a7537fc769a816f72e6c2783fa076cd593,Files baseline 99951c66928c4da714da8b1dd46039421182cbab; verify package-specific origin,NOASSERTION,REVIEW_REQUIRED,excluded
src/Files.App/Assets/AppTiles/Dev/Square44x44Logo.scale-100.png,485edb0ba59962b85ca34ed94cadd33c09118140562bf802458f82dac51e3a9c,Files baseline 99951c66928c4da714da8b1dd46039421182cbab; verify package-specific origin,NOASSERTION,REVIEW_REQUIRED,excluded
src/Files.App/Assets/AppTiles/Dev/Square44x44Logo.scale-125.png,b062e85db6c7fcc558e4c29f0631a079e1b94a479a7e0da164eb3f2bac9d6f46,Files baseline 99951c66928c4da714da8b1dd46039421182cbab; verify package-specific origin,NOASSERTION,REVIEW_REQUIRED,excluded
src/Files.App/Assets/AppTiles/Dev/Square44x44Logo.scale-150.png,c38f7f8920c566a7083d890f7c82e75fc3728b2d3e93cadb4aa45e10d33b5e69,Files baseline 99951c66928c4da714da8b1dd46039421182cbab; verify package-specific origin,NOASSERTION,REVIEW_REQUIRED,excluded
src/Files.App/Assets/AppTiles/Dev/Square44x44Logo.scale-200.png,632be9e3ca10f8a493cb28cf6432858da39976632e1cbacfc55365f1adb33466,Files baseline 99951c66928c4da714da8b1dd46039421182cbab; verify package-specific origin,NOASSERTION,REVIEW_REQUIRED,excluded
src/Files.App/Assets/AppTiles/Dev/Square44x44Logo.scale-400.png,6173e8bf0f7ab66c43a9ee4465884e689c3f51b0c9ed443a198a64d19684024d,Files baseline 99951c66928c4da714da8b1dd46039421182cbab; verify package-specific origin,NOASSERTION,REVIEW_REQUIRED,excluded
src/Files.App/Assets/AppTiles/Dev/Square44x44Logo.targetsize-16.png,b93d70fc23af47dbe9d1ae37ed366c3d3389b5d407b73398e6f2234eab0dcd31,Files baseline 99951c66928c4da714da8b1dd46039421182cbab; verify package-specific origin,NOASSERTION,REVIEW_REQUIRED,excluded
src/Files.App/Assets/AppTiles/Dev/Square44x44Logo.targetsize-16_altform-lightunplated_theme-light.png,b93d70fc23af47dbe9d1ae37ed366c3d3389b5d407b73398e6f2234eab0dcd31,Files baseline 99951c66928c4da714da8b1dd46039421182cbab; verify package-specific origin,NOASSERTION,REVIEW_REQUIRED,excluded
src/Files.App/Assets/AppTiles/Dev/Square44x44Logo.targetsize-16_altform-unplated.png,b93d70fc23af47dbe9d1ae37ed366c3d3389b5d407b73398e6f2234eab0dcd31,Files baseline 99951c66928c4da714da8b1dd46039421182cbab; verify package-specific origin,NOASSERTION,REVIEW_REQUIRED,excluded
src/Files.App/Assets/AppTiles/Dev/Square44x44Logo.targetsize-20.png,b53101c841b4ac6c3a046b410ed42dc7ceb3be7b5e4124a78efc2592b0073dc2,Files baseline 99951c66928c4da714da8b1dd46039421182cbab; verify package-specific origin,NOASSERTION,REVIEW_REQUIRED,excluded
src/Files.App/Assets/AppTiles/Dev/Square44x44Logo.targetsize-20_altform-lightunplated_theme-light.png,b53101c841b4ac6c3a046b410ed42dc7ceb3be7b5e4124a78efc2592b0073dc2,Files baseline 99951c66928c4da714da8b1dd46039421182cbab; verify package-specific origin,NOASSERTION,REVIEW_REQUIRED,excluded
src/Files.App/Assets/AppTiles/Dev/Square44x44Logo.targetsize-20_altform-unplated.png,b53101c841b4ac6c3a046b410ed42dc7ceb3be7b5e4124a78efc2592b0073dc2,Files baseline 99951c66928c4da714da8b1dd46039421182cbab; verify package-specific origin,NOASSERTION,REVIEW_REQUIRED,excluded
src/Files.App/Assets/AppTiles/Dev/Square44x44Logo.targetsize-24.png,d089b923bb5980f947590a450ad1f8efc21e39882835582c132f6ce1d7319772,Files baseline 99951c66928c4da714da8b1dd46039421182cbab; verify package-specific origin,NOASSERTION,REVIEW_REQUIRED,excluded
src/Files.App/Assets/AppTiles/Dev/Square44x44Logo.targetsize-24_altform-lightunplated_theme-light.png,d089b923bb5980f947590a450ad1f8efc21e39882835582c132f6ce1d7319772,Files baseline 99951c66928c4da714da8b1dd46039421182cbab; verify package-specific origin,NOASSERTION,REVIEW_REQUIRED,excluded
src/Files.App/Assets/AppTiles/Dev/Square44x44Logo.targetsize-24_altform-unplated.png,d089b923bb5980f947590a450ad1f8efc21e39882835582c132f6ce1d7319772,Files baseline 99951c66928c4da714da8b1dd46039421182cbab; verify package-specific origin,NOASSERTION,REVIEW_REQUIRED,excluded
src/Files.App/Assets/AppTiles/Dev/Square44x44Logo.targetsize-256.png,beb3f0e8182b0904ca8e45efb26d7dce7e89e381b164e45e63c469b3ad20761f,Files baseline 99951c66928c4da714da8b1dd46039421182cbab; verify package-specific origin,NOASSERTION,REVIEW_REQUIRED,excluded
src/Files.App/Assets/AppTiles/Dev/Square44x44Logo.targetsize-256_altform-lightunplated_theme-light.png,beb3f0e8182b0904ca8e45efb26d7dce7e89e381b164e45e63c469b3ad20761f,Files baseline 99951c66928c4da714da8b1dd46039421182cbab; verify package-specific origin,NOASSERTION,REVIEW_REQUIRED,excluded
src/Files.App/Assets/AppTiles/Dev/Square44x44Logo.targetsize-256_altform-unplated.png,beb3f0e8182b0904ca8e45efb26d7dce7e89e381b164e45e63c469b3ad20761f,Files baseline 99951c66928c4da714da8b1dd46039421182cbab; verify package-specific origin,NOASSERTION,REVIEW_REQUIRED,excluded
src/Files.App/Assets/AppTiles/Dev/Square44x44Logo.targetsize-30.png,a57ca53234210ea7d4b2007f4dea46bfc05c1ae3af07807f5d85be49f1898b79,Files baseline 99951c66928c4da714da8b1dd46039421182cbab; verify package-specific origin,NOASSERTION,REVIEW_REQUIRED,excluded
src/Files.App/Assets/AppTiles/Dev/Square44x44Logo.targetsize-30_altform-lightunplated_theme-light.png,a57ca53234210ea7d4b2007f4dea46bfc05c1ae3af07807f5d85be49f1898b79,Files baseline 99951c66928c4da714da8b1dd46039421182cbab; verify package-specific origin,NOASSERTION,REVIEW_REQUIRED,excluded
src/Files.App/Assets/AppTiles/Dev/Square44x44Logo.targetsize-30_altform-unplated.png,a57ca53234210ea7d4b2007f4dea46bfc05c1ae3af07807f5d85be49f1898b79,Files baseline 99951c66928c4da714da8b1dd46039421182cbab; verify package-specific origin,NOASSERTION,REVIEW_REQUIRED,excluded
src/Files.App/Assets/AppTiles/Dev/Square44x44Logo.targetsize-32.png,6bfa0ced054c8e2427b158982416b9bb53f249bf95a7b5814153cec77a2ea6cd,Files baseline 99951c66928c4da714da8b1dd46039421182cbab; verify package-specific origin,NOASSERTION,REVIEW_REQUIRED,excluded
src/Files.App/Assets/AppTiles/Dev/Square44x44Logo.targetsize-32_altform-lightunplated_theme-light.png,6bfa0ced054c8e2427b158982416b9bb53f249bf95a7b5814153cec77a2ea6cd,Files baseline 99951c66928c4da714da8b1dd46039421182cbab; verify package-specific origin,NOASSERTION,REVIEW_REQUIRED,excluded
src/Files.App/Assets/AppTiles/Dev/Square44x44Logo.targetsize-32_altform-unplated.png,6bfa0ced054c8e2427b158982416b9bb53f249bf95a7b5814153cec77a2ea6cd,Files baseline 99951c66928c4da714da8b1dd46039421182cbab; verify package-specific origin,NOASSERTION,REVIEW_REQUIRED,excluded
src/Files.App/Assets/AppTiles/Dev/Square44x44Logo.targetsize-36.png,2652c21bc958bd20abdcd5eb2767aa4a78552bfb95c66339bd9ba75f9cc95e23,Files baseline 99951c66928c4da714da8b1dd46039421182cbab; verify package-specific origin,NOASSERTION,REVIEW_REQUIRED,excluded
src/Files.App/Assets/AppTiles/Dev/Square44x44Logo.targetsize-36_altform-lightunplated_theme-light.png,2652c21bc958bd20abdcd5eb2767aa4a78552bfb95c66339bd9ba75f9cc95e23,Files baseline 99951c66928c4da714da8b1dd46039421182cbab; verify package-specific origin,NOASSERTION,REVIEW_REQUIRED,excluded
src/Files.App/Assets/AppTiles/Dev/Square44x44Logo.targetsize-36_altform-unplated.png,2652c21bc958bd20abdcd5eb2767aa4a78552bfb95c66339bd9ba75f9cc95e23,Files baseline 99951c66928c4da714da8b1dd46039421182cbab; verify package-specific origin,NOASSERTION,REVIEW_REQUIRED,excluded
src/Files.App/Assets/AppTiles/Dev/Square44x44Logo.targetsize-40.png,7535642915411d4e8df301942299ebd9b2279114befe2709d8122b73eb548050,Files baseline 99951c66928c4da714da8b1dd46039421182cbab; verify package-specific origin,NOASSERTION,REVIEW_REQUIRED,excluded
src/Files.App/Assets/AppTiles/Dev/Square44x44Logo.targetsize-40_altform-lightunplated_theme-light.png,7535642915411d4e8df301942299ebd9b2279114befe2709d8122b73eb548050,Files baseline 99951c66928c4da714da8b1dd46039421182cbab; verify package-specific origin,NOASSERTION,REVIEW_REQUIRED,excluded
src/Files.App/Assets/AppTiles/Dev/Square44x44Logo.targetsize-40_altform-unplated.png,7535642915411d4e8df301942299ebd9b2279114befe2709d8122b73eb548050,Files baseline 99951c66928c4da714da8b1dd46039421182cbab; verify package-specific origin,NOASSERTION,REVIEW_REQUIRED,excluded
src/Files.App/Assets/AppTiles/Dev/Square44x44Logo.targetsize-48.png,ae59ed3da2fa60f429cddf80460c0e45ce8a0f101603f3cd2b5787bc0295beea,Files baseline 99951c66928c4da714da8b1dd46039421182cbab; verify package-specific origin,NOASSERTION,REVIEW_REQUIRED,excluded
src/Files.App/Assets/AppTiles/Dev/Square44x44Logo.targetsize-48_altform-lightunplated_theme-light.png,ae59ed3da2fa60f429cddf80460c0e45ce8a0f101603f3cd2b5787bc0295beea,Files baseline 99951c66928c4da714da8b1dd46039421182cbab; verify package-specific origin,NOASSERTION,REVIEW_REQUIRED,excluded
src/Files.App/Assets/AppTiles/Dev/Square44x44Logo.targetsize-48_altform-unplated.png,ae59ed3da2fa60f429cddf80460c0e45ce8a0f101603f3cd2b5787bc0295beea,Files baseline 99951c66928c4da714da8b1dd46039421182cbab; verify package-specific origin,NOASSERTION,REVIEW_REQUIRED,excluded
src/Files.App/Assets/AppTiles/Dev/Square44x44Logo.targetsize-60.png,9ec5ecc5d091dda8f4d89c0a5fd8560b48e6e4fc41bf9d2e5523b5044f47dd03,Files baseline 99951c66928c4da714da8b1dd46039421182cbab; verify package-specific origin,NOASSERTION,REVIEW_REQUIRED,excluded
src/Files.App/Assets/AppTiles/Dev/Square44x44Logo.targetsize-60_altform-lightunplated_theme-light.png,9ec5ecc5d091dda8f4d89c0a5fd8560b48e6e4fc41bf9d2e5523b5044f47dd03,Files baseline 99951c66928c4da714da8b1dd46039421182cbab; verify package-specific origin,NOASSERTION,REVIEW_REQUIRED,excluded
src/Files.App/Assets/AppTiles/Dev/Square44x44Logo.targetsize-60_altform-unplated.png,9ec5ecc5d091dda8f4d89c0a5fd8560b48e6e4fc41bf9d2e5523b5044f47dd03,Files baseline 99951c66928c4da714da8b1dd46039421182cbab; verify package-specific origin,NOASSERTION,REVIEW_REQUIRED,excluded
src/Files.App/Assets/AppTiles/Dev/Square44x44Logo.targetsize-64.png,3b68cc808ef0b467e54838bc80e7a32524d94d78918ef54c1cb4fe0b14e5a301,Files baseline 99951c66928c4da714da8b1dd46039421182cbab; verify package-specific origin,NOASSERTION,REVIEW_REQUIRED,excluded
src/Files.App/Assets/AppTiles/Dev/Square44x44Logo.targetsize-64_altform-lightunplated_theme-light.png,3b68cc808ef0b467e54838bc80e7a32524d94d78918ef54c1cb4fe0b14e5a301,Files baseline 99951c66928c4da714da8b1dd46039421182cbab; verify package-specific origin,NOASSERTION,REVIEW_REQUIRED,excluded
src/Files.App/Assets/AppTiles/Dev/Square44x44Logo.targetsize-64_altform-unplated.png,3b68cc808ef0b467e54838bc80e7a32524d94d78918ef54c1cb4fe0b14e5a301,Files baseline 99951c66928c4da714da8b1dd46039421182cbab; verify package-specific origin,NOASSERTION,REVIEW_REQUIRED,excluded
src/Files.App/Assets/AppTiles/Dev/Square44x44Logo.targetsize-72.png,d438707f557479c9b7c881577b09f8dc7455672bd2c5a3fe9714d9e909a46970,Files baseline 99951c66928c4da714da8b1dd46039421182cbab; verify package-specific origin,NOASSERTION,REVIEW_REQUIRED,excluded
src/Files.App/Assets/AppTiles/Dev/Square44x44Logo.targetsize-72_altform-lightunplated_theme-light.png,d438707f557479c9b7c881577b09f8dc7455672bd2c5a3fe9714d9e909a46970,Files baseline 99951c66928c4da714da8b1dd46039421182cbab; verify package-specific origin,NOASSERTION,REVIEW_REQUIRED,excluded
src/Files.App/Assets/AppTiles/Dev/Square44x44Logo.targetsize-72_altform-unplated.png,d438707f557479c9b7c881577b09f8dc7455672bd2c5a3fe9714d9e909a46970,Files baseline 99951c66928c4da714da8b1dd46039421182cbab; verify package-specific origin,NOASSERTION,REVIEW_REQUIRED,excluded
src/Files.App/Assets/AppTiles/Dev/Square44x44Logo.targetsize-80.png,11bbe84f1f78c3c57a2dd888e9a360ee247a2a3ff1cf16c69364032efb454a4a,Files baseline 99951c66928c4da714da8b1dd46039421182cbab; verify package-specific origin,NOASSERTION,REVIEW_REQUIRED,excluded
src/Files.App/Assets/AppTiles/Dev/Square44x44Logo.targetsize-80_altform-lightunplated_theme-light.png,11bbe84f1f78c3c57a2dd888e9a360ee247a2a3ff1cf16c69364032efb454a4a,Files baseline 99951c66928c4da714da8b1dd46039421182cbab; verify package-specific origin,NOASSERTION,REVIEW_REQUIRED,excluded
src/Files.App/Assets/AppTiles/Dev/Square44x44Logo.targetsize-80_altform-unplated.png,11bbe84f1f78c3c57a2dd888e9a360ee247a2a3ff1cf16c69364032efb454a4a,Files baseline 99951c66928c4da714da8b1dd46039421182cbab; verify package-specific origin,NOASSERTION,REVIEW_REQUIRED,excluded
src/Files.App/Assets/AppTiles/Dev/Square44x44Logo.targetsize-96.png,23785f4ccfe3040dd13256017872b5aecc15a4f5728dc5a287a9502f7ca76359,Files baseline 99951c66928c4da714da8b1dd46039421182cbab; verify package-specific origin,NOASSERTION,REVIEW_REQUIRED,excluded
src/Files.App/Assets/AppTiles/Dev/Square44x44Logo.targetsize-96_altform-lightunplated_theme-light.png,23785f4ccfe3040dd13256017872b5aecc15a4f5728dc5a287a9502f7ca76359,Files baseline 99951c66928c4da714da8b1dd46039421182cbab; verify package-specific origin,NOASSERTION,REVIEW_REQUIRED,excluded
src/Files.App/Assets/AppTiles/Dev/Square44x44Logo.targetsize-96_altform-unplated.png,23785f4ccfe3040dd13256017872b5aecc15a4f5728dc5a287a9502f7ca76359,Files baseline 99951c66928c4da714da8b1dd46039421182cbab; verify package-specific origin,NOASSERTION,REVIEW_REQUIRED,excluded
src/Files.App/Assets/AppTiles/Dev/StoreLogo.scale-100.png,20c73f2499d71fc3fc810b1a597470ccffeb795080f0dba0add83f390ce91587,Files baseline 99951c66928c4da714da8b1dd46039421182cbab; verify package-specific origin,NOASSERTION,REVIEW_REQUIRED,excluded
src/Files.App/Assets/AppTiles/Dev/StoreLogo.scale-125.png,e516349360895eb0cfd284275c2b4e2d2f86a3c6d06aa25bc1eb99da48269642,Files baseline 99951c66928c4da714da8b1dd46039421182cbab; verify package-specific origin,NOASSERTION,REVIEW_REQUIRED,excluded
src/Files.App/Assets/AppTiles/Dev/StoreLogo.scale-150.png,8d3226373e91444052cfbb8770a7c208ca5779615a07a6176b634e8cbb1e7603,Files baseline 99951c66928c4da714da8b1dd46039421182cbab; verify package-specific origin,NOASSERTION,REVIEW_REQUIRED,excluded
src/Files.App/Assets/AppTiles/Dev/StoreLogo.scale-200.png,fccacb108f38e8dcbab977238e99ef404289a65b1a2190ef1da2f4fae5da41c9,Files baseline 99951c66928c4da714da8b1dd46039421182cbab; verify package-specific origin,NOASSERTION,REVIEW_REQUIRED,excluded
src/Files.App/Assets/AppTiles/Dev/StoreLogo.scale-400.png,7fad992471a330327d6db5adbca25da969bca04fa83d250d5771f19e4ab76bbc,Files baseline 99951c66928c4da714da8b1dd46039421182cbab; verify package-specific origin,NOASSERTION,REVIEW_REQUIRED,excluded
src/Files.App/Assets/AppTiles/Dev/Wide310x150Logo.scale-100.png,b90cbc669480169bece3799393b78c90d68b7ae4979c7bd71bd979fc9caade5e,Files baseline 99951c66928c4da714da8b1dd46039421182cbab; verify package-specific origin,NOASSERTION,REVIEW_REQUIRED,excluded
src/Files.App/Assets/AppTiles/Dev/Wide310x150Logo.scale-125.png,1bb783c117e4121cf29c19d09670b88fe64df14a1db64b8166458252d08335ba,Files baseline 99951c66928c4da714da8b1dd46039421182cbab; verify package-specific origin,NOASSERTION,REVIEW_REQUIRED,excluded
src/Files.App/Assets/AppTiles/Dev/Wide310x150Logo.scale-150.png,4c49f3e12d30f92a19622d00ec8e21226663117cd064eee50bb52195fa887db1,Files baseline 99951c66928c4da714da8b1dd46039421182cbab; verify package-specific origin,NOASSERTION,REVIEW_REQUIRED,excluded
src/Files.App/Assets/AppTiles/Dev/Wide310x150Logo.scale-200.png,3540bd494720b5cd24509b53d4ae2e00210a39645b75ccab8454e427a5d31c25,Files baseline 99951c66928c4da714da8b1dd46039421182cbab; verify package-specific origin,NOASSERTION,REVIEW_REQUIRED,excluded
src/Files.App/Assets/AppTiles/Dev/Wide310x150Logo.scale-400.png,9e6ab6acdc4320f1ce8baf01036038d15c332911e0fcf40402ffad7d67dc5035,Files baseline 99951c66928c4da714da8b1dd46039421182cbab; verify package-specific origin,NOASSERTION,REVIEW_REQUIRED,excluded
src/Files.App/Assets/AppTiles/Dev/contrast-black/BadgeLogo.scale-100_contrast-black.png,dbc69c3e0770745a9f16bf29fa2ced216199425280ee63cf3bce66a44ded95a8,Files baseline 99951c66928c4da714da8b1dd46039421182cbab; verify package-specific origin,NOASSERTION,REVIEW_REQUIRED,excluded
src/Files.App/Assets/AppTiles/Dev/contrast-black/BadgeLogo.scale-125_contrast-black.png,b3496a1a705931b465eb84b4dd03b41ce0c85411c9ad21f0d039b2972c45a4b9,Files baseline 99951c66928c4da714da8b1dd46039421182cbab; verify package-specific origin,NOASSERTION,REVIEW_REQUIRED,excluded
src/Files.App/Assets/AppTiles/Dev/contrast-black/BadgeLogo.scale-150_contrast-black.png,c963f6837757c3947cb2f9fda1b33e4e1f1e130ec29a2c7494f4ea56b5e2c17b,Files baseline 99951c66928c4da714da8b1dd46039421182cbab; verify package-specific origin,NOASSERTION,REVIEW_REQUIRED,excluded
src/Files.App/Assets/AppTiles/Dev/contrast-black/BadgeLogo.scale-200_contrast-black.png,7e3fe1cb26c0547ebbb59ee1a7248df96f429512fbb9f36e70e09581ce2a667c,Files baseline 99951c66928c4da714da8b1dd46039421182cbab; verify package-specific origin,NOASSERTION,REVIEW_REQUIRED,excluded
src/Files.App/Assets/AppTiles/Dev/contrast-black/BadgeLogo.scale-400_contrast-black.png,4d675ec66c0ac34a26595e28a145702b489b4c1b2957293698d897eb7efa16c4,Files baseline 99951c66928c4da714da8b1dd46039421182cbab; verify package-specific origin,NOASSERTION,REVIEW_REQUIRED,excluded
src/Files.App/Assets/AppTiles/Dev/contrast-black/Large310x310Logo.scale-100_contrast-black.png,980d0ec447114665e5f43f51ff8a2569fb7c1c01fbe1a75bde1e12015a0d9d79,Files baseline 99951c66928c4da714da8b1dd46039421182cbab; verify package-specific origin,NOASSERTION,REVIEW_REQUIRED,excluded
src/Files.App/Assets/AppTiles/Dev/contrast-black/Large310x310Logo.scale-125_contrast-black.png,af1319715c8e705d900528f36cb1a23bb35750f367bf93800eb15d503f7b627e,Files baseline 99951c66928c4da714da8b1dd46039421182cbab; verify package-specific origin,NOASSERTION,REVIEW_REQUIRED,excluded
src/Files.App/Assets/AppTiles/Dev/contrast-black/Large310x310Logo.scale-150_contrast-black.png,9d1fca314db87eba0b6fcdfd1a4c33078fe2ee524aad933960b3290b2cff7d1e,Files baseline 99951c66928c4da714da8b1dd46039421182cbab; verify package-specific origin,NOASSERTION,REVIEW_REQUIRED,excluded
src/Files.App/Assets/AppTiles/Dev/contrast-black/Large310x310Logo.scale-200_contrast-black.png,880c1e1b997fdb5d4d7fbca3d5bf6316314ff16d9f6089e30e4c8b4801bffa69,Files baseline 99951c66928c4da714da8b1dd46039421182cbab; verify package-specific origin,NOASSERTION,REVIEW_REQUIRED,excluded
src/Files.App/Assets/AppTiles/Dev/contrast-black/Large310x310Logo.scale-400_contrast-black.png,638ea419805a6279c6feffc5feb49c823bbac67225e85b2f52a63ed2756f82da,Files baseline 99951c66928c4da714da8b1dd46039421182cbab; verify package-specific origin,NOASSERTION,REVIEW_REQUIRED,excluded
src/Files.App/Assets/AppTiles/Dev/contrast-black/Small71x71Logo.scale-100_contrast-black.png,25a9ec8a288dfce20888b269e7d1472241a6534d1b94b6b5eccd7b225e72f9a4,Files baseline 99951c66928c4da714da8b1dd46039421182cbab; verify package-specific origin,NOASSERTION,REVIEW_REQUIRED,excluded
src/Files.App/Assets/AppTiles/Dev/contrast-black/Small71x71Logo.scale-125_contrast-black.png,aacd07c4719789e16b5dab2c0e12b3f05e0f2a3392b1ab2157ef6d9add5623d2,Files baseline 99951c66928c4da714da8b1dd46039421182cbab; verify package-specific origin,NOASSERTION,REVIEW_REQUIRED,excluded
src/Files.App/Assets/AppTiles/Dev/contrast-black/Small71x71Logo.scale-150_contrast-black.png,40c27a1acaa81d5b47cb291eb78eda86f249557aee67e08001e184b06c43df48,Files baseline 99951c66928c4da714da8b1dd46039421182cbab; verify package-specific origin,NOASSERTION,REVIEW_REQUIRED,excluded
src/Files.App/Assets/AppTiles/Dev/contrast-black/Small71x71Logo.scale-200_contrast-black.png,34949d25184c33d662a50936721ead2af066068da4d1535852519bc1e22e4f45,Files baseline 99951c66928c4da714da8b1dd46039421182cbab; verify package-specific origin,NOASSERTION,REVIEW_REQUIRED,excluded
src/Files.App/Assets/AppTiles/Dev/contrast-black/Small71x71Logo.scale-400_contrast-black.png,cd9f10e02899f3e662854d4324cc6eefd88647b5119af34e17bb9868aa742903,Files baseline 99951c66928c4da714da8b1dd46039421182cbab; verify package-specific origin,NOASSERTION,REVIEW_REQUIRED,excluded
src/Files.App/Assets/AppTiles/Dev/contrast-black/SplashScreen.scale-100_contrast-black.png,688f47105af284816e67579f1319f662504f77c20aa3e7b3dc659a733b029259,Files baseline 99951c66928c4da714da8b1dd46039421182cbab; verify package-specific origin,NOASSERTION,REVIEW_REQUIRED,excluded
src/Files.App/Assets/AppTiles/Dev/contrast-black/SplashScreen.scale-125_contrast-black.png,a32890f12aa2e08ee7a815cf3dfe3737cb93bd5aa7a0feea2bae675b55ca220d,Files baseline 99951c66928c4da714da8b1dd46039421182cbab; verify package-specific origin,NOASSERTION,REVIEW_REQUIRED,excluded
src/Files.App/Assets/AppTiles/Dev/contrast-black/SplashScreen.scale-150_contrast-black.png,1303f4e96684a08434f9a87b1b826a2f7f87e9076de15d7c18681d4324fe6d84,Files baseline 99951c66928c4da714da8b1dd46039421182cbab; verify package-specific origin,NOASSERTION,REVIEW_REQUIRED,excluded
src/Files.App/Assets/AppTiles/Dev/contrast-black/SplashScreen.scale-200_contrast-black.png,e2651f61e5ac8e31c899065c845ada8f832141b2086c06f8137cfcd30d6bffc4,Files baseline 99951c66928c4da714da8b1dd46039421182cbab; verify package-specific origin,NOASSERTION,REVIEW_REQUIRED,excluded
src/Files.App/Assets/AppTiles/Dev/contrast-black/SplashScreen.scale-400_contrast-black.png,1083d4bb4ceaaaa91296a1afa4ad0d2db282c3ab385d4241aab5970a09077968,Files baseline 99951c66928c4da714da8b1dd46039421182cbab; verify package-specific origin,NOASSERTION,REVIEW_REQUIRED,excluded
src/Files.App/Assets/AppTiles/Dev/contrast-black/Square150x150Logo.scale-100_contrast-black.png,5349bd2d7438dde8fc94d381a9783f2b5ecd40c5e6787957e5f171b22c42e7e6,Files baseline 99951c66928c4da714da8b1dd46039421182cbab; verify package-specific origin,NOASSERTION,REVIEW_REQUIRED,excluded
src/Files.App/Assets/AppTiles/Dev/contrast-black/Square150x150Logo.scale-125_contrast-black.png,0ac071884aad5fe121d4c146ca46b42f0670d1a5eb036d4f5bd2c9c8d2da8147,Files baseline 99951c66928c4da714da8b1dd46039421182cbab; verify package-specific origin,NOASSERTION,REVIEW_REQUIRED,excluded
src/Files.App/Assets/AppTiles/Dev/contrast-black/Square150x150Logo.scale-150_contrast-black.png,c7005f7e73251547de83ee05807532703ff359dee642052a8a1ebdf69db3128b,Files baseline 99951c66928c4da714da8b1dd46039421182cbab; verify package-specific origin,NOASSERTION,REVIEW_REQUIRED,excluded
src/Files.App/Assets/AppTiles/Dev/contrast-black/Square150x150Logo.scale-200_contrast-black.png,f3ab7cc97e458639669a4dca794e5ec870fb396397e8f925dfd6d9bc69c05111,Files baseline 99951c66928c4da714da8b1dd46039421182cbab; verify package-specific origin,NOASSERTION,REVIEW_REQUIRED,excluded
src/Files.App/Assets/AppTiles/Dev/contrast-black/Square150x150Logo.scale-400_contrast-black.png,2fc1302c28d6215a19142e51d57791dca04273bc2dabc1c2c2537ff08d74423e,Files baseline 99951c66928c4da714da8b1dd46039421182cbab; verify package-specific origin,NOASSERTION,REVIEW_REQUIRED,excluded
src/Files.App/Assets/AppTiles/Dev/contrast-black/Square44x44Logo.scale-100_contrast-black.png,3b367137da22816b9776f242b75a1ea48f607ee0d29ba93366ed206e28e7e9b6,Files baseline 99951c66928c4da714da8b1dd46039421182cbab; verify package-specific origin,NOASSERTION,REVIEW_REQUIRED,excluded
src/Files.App/Assets/AppTiles/Dev/contrast-black/Square44x44Logo.scale-125_contrast-black.png,57259a62ea7728e61004dd7dba204a18bb0ab13be3414cc4acf6e7ed153486de,Files baseline 99951c66928c4da714da8b1dd46039421182cbab; verify package-specific origin,NOASSERTION,REVIEW_REQUIRED,excluded
src/Files.App/Assets/AppTiles/Dev/contrast-black/Square44x44Logo.scale-150_contrast-black.png,02b21a5aa13b2f034963425edb17b7042d57e673571c9c3594e7f5de794e2448,Files baseline 99951c66928c4da714da8b1dd46039421182cbab; verify package-specific origin,NOASSERTION,REVIEW_REQUIRED,excluded
src/Files.App/Assets/AppTiles/Dev/contrast-black/Square44x44Logo.scale-200_contrast-black.png,d1254fd2433e4746c66b8f1194157a30796dea0cb6a415226654774171a58a4b,Files baseline 99951c66928c4da714da8b1dd46039421182cbab; verify package-specific origin,NOASSERTION,REVIEW_REQUIRED,excluded
src/Files.App/Assets/AppTiles/Dev/contrast-black/Square44x44Logo.scale-400_contrast-black.png,0badc244c4c9c631ab302acfb2a252bebb2cab1133f91a3ab12c96d2b37cb337,Files baseline 99951c66928c4da714da8b1dd46039421182cbab; verify package-specific origin,NOASSERTION,REVIEW_REQUIRED,excluded
src/Files.App/Assets/AppTiles/Dev/contrast-black/Square44x44Logo.targetsize-16_altform-lightunplated_contrast-black.png,088adfc0b7a3f4631fa040a047fd0e9cdd8774f98c7c8e7e43226ae064e79bce,Files baseline 99951c66928c4da714da8b1dd46039421182cbab; verify package-specific origin,NOASSERTION,REVIEW_REQUIRED,excluded
src/Files.App/Assets/AppTiles/Dev/contrast-black/Square44x44Logo.targetsize-16_altform-unplated_contrast-black.png,088adfc0b7a3f4631fa040a047fd0e9cdd8774f98c7c8e7e43226ae064e79bce,Files baseline 99951c66928c4da714da8b1dd46039421182cbab; verify package-specific origin,NOASSERTION,REVIEW_REQUIRED,excluded
src/Files.App/Assets/AppTiles/Dev/contrast-black/Square44x44Logo.targetsize-16_contrast-black.png,088adfc0b7a3f4631fa040a047fd0e9cdd8774f98c7c8e7e43226ae064e79bce,Files baseline 99951c66928c4da714da8b1dd46039421182cbab; verify package-specific origin,NOASSERTION,REVIEW_REQUIRED,excluded
src/Files.App/Assets/AppTiles/Dev/contrast-black/Square44x44Logo.targetsize-20_altform-lightunplated_contrast-black.png,41f5f443f00adc9e889b6e5972ad66266aae4056a25c05e9ffa549553747e45a,Files baseline 99951c66928c4da714da8b1dd46039421182cbab; verify package-specific origin,NOASSERTION,REVIEW_REQUIRED,excluded
src/Files.App/Assets/AppTiles/Dev/contrast-black/Square44x44Logo.targetsize-20_altform-unplated_contrast-black.png,41f5f443f00adc9e889b6e5972ad66266aae4056a25c05e9ffa549553747e45a,Files baseline 99951c66928c4da714da8b1dd46039421182cbab; verify package-specific origin,NOASSERTION,REVIEW_REQUIRED,excluded
src/Files.App/Assets/AppTiles/Dev/contrast-black/Square44x44Logo.targetsize-20_contrast-black.png,41f5f443f00adc9e889b6e5972ad66266aae4056a25c05e9ffa549553747e45a,Files baseline 99951c66928c4da714da8b1dd46039421182cbab; verify package-specific origin,NOASSERTION,REVIEW_REQUIRED,excluded
src/Files.App/Assets/AppTiles/Dev/contrast-black/Square44x44Logo.targetsize-24_altform-lightunplated_contrast-black.png,dbc69c3e0770745a9f16bf29fa2ced216199425280ee63cf3bce66a44ded95a8,Files baseline 99951c66928c4da714da8b1dd46039421182cbab; verify package-specific origin,NOASSERTION,REVIEW_REQUIRED,excluded
src/Files.App/Assets/AppTiles/Dev/contrast-black/Square44x44Logo.targetsize-24_altform-unplated_contrast-black.png,dbc69c3e0770745a9f16bf29fa2ced216199425280ee63cf3bce66a44ded95a8,Files baseline 99951c66928c4da714da8b1dd46039421182cbab; verify package-specific origin,NOASSERTION,REVIEW_REQUIRED,excluded
src/Files.App/Assets/AppTiles/Dev/contrast-black/Square44x44Logo.targetsize-24_contrast-black.png,dbc69c3e0770745a9f16bf29fa2ced216199425280ee63cf3bce66a44ded95a8,Files baseline 99951c66928c4da714da8b1dd46039421182cbab; verify package-specific origin,NOASSERTION,REVIEW_REQUIRED,excluded
src/Files.App/Assets/AppTiles/Dev/contrast-black/Square44x44Logo.targetsize-256_altform-lightunplated_contrast-black.png,7df7471755dacfb397576594ec8b0b92cbe98eca71dc26a17af79860e3e3f363,Files baseline 99951c66928c4da714da8b1dd46039421182cbab; verify package-specific origin,NOASSERTION,REVIEW_REQUIRED,excluded
src/Files.App/Assets/AppTiles/Dev/contrast-black/Square44x44Logo.targetsize-256_altform-unplated_contrast-black.png,7df7471755dacfb397576594ec8b0b92cbe98eca71dc26a17af79860e3e3f363,Files baseline 99951c66928c4da714da8b1dd46039421182cbab; verify package-specific origin,NOASSERTION,REVIEW_REQUIRED,excluded
src/Files.App/Assets/AppTiles/Dev/contrast-black/Square44x44Logo.targetsize-256_contrast-black.png,7df7471755dacfb397576594ec8b0b92cbe98eca71dc26a17af79860e3e3f363,Files baseline 99951c66928c4da714da8b1dd46039421182cbab; verify package-specific origin,NOASSERTION,REVIEW_REQUIRED,excluded
src/Files.App/Assets/AppTiles/Dev/contrast-black/Square44x44Logo.targetsize-30_altform-lightunplated_contrast-black.png,993540f88fe7df9061640081bc7e5f22869d6666ac32783c0509923f7d2bbffe,Files baseline 99951c66928c4da714da8b1dd46039421182cbab; verify package-specific origin,NOASSERTION,REVIEW_REQUIRED,excluded
src/Files.App/Assets/AppTiles/Dev/contrast-black/Square44x44Logo.targetsize-30_altform-unplated_contrast-black.png,993540f88fe7df9061640081bc7e5f22869d6666ac32783c0509923f7d2bbffe,Files baseline 99951c66928c4da714da8b1dd46039421182cbab; verify package-specific origin,NOASSERTION,REVIEW_REQUIRED,excluded
src/Files.App/Assets/AppTiles/Dev/contrast-black/Square44x44Logo.targetsize-30_contrast-black.png,993540f88fe7df9061640081bc7e5f22869d6666ac32783c0509923f7d2bbffe,Files baseline 99951c66928c4da714da8b1dd46039421182cbab; verify package-specific origin,NOASSERTION,REVIEW_REQUIRED,excluded
src/Files.App/Assets/AppTiles/Dev/contrast-black/Square44x44Logo.targetsize-32_altform-lightunplated_contrast-black.png,be05d799fccc0eb39bcf766239f04ea76cd51e837602771cecdee567fb090cca,Files baseline 99951c66928c4da714da8b1dd46039421182cbab; verify package-specific origin,NOASSERTION,REVIEW_REQUIRED,excluded
src/Files.App/Assets/AppTiles/Dev/contrast-black/Square44x44Logo.targetsize-32_altform-unplated_contrast-black.png,be05d799fccc0eb39bcf766239f04ea76cd51e837602771cecdee567fb090cca,Files baseline 99951c66928c4da714da8b1dd46039421182cbab; verify package-specific origin,NOASSERTION,REVIEW_REQUIRED,excluded
src/Files.App/Assets/AppTiles/Dev/contrast-black/Square44x44Logo.targetsize-32_contrast-black.png,be05d799fccc0eb39bcf766239f04ea76cd51e837602771cecdee567fb090cca,Files baseline 99951c66928c4da714da8b1dd46039421182cbab; verify package-specific origin,NOASSERTION,REVIEW_REQUIRED,excluded
src/Files.App/Assets/AppTiles/Dev/contrast-black/Square44x44Logo.targetsize-36_altform-lightunplated_contrast-black.png,1853842eb6024ae647a338006968e1d4ee797628cafb40463cef253c40ccd603,Files baseline 99951c66928c4da714da8b1dd46039421182cbab; verify package-specific origin,NOASSERTION,REVIEW_REQUIRED,excluded
src/Files.App/Assets/AppTiles/Dev/contrast-black/Square44x44Logo.targetsize-36_altform-unplated_contrast-black.png,1853842eb6024ae647a338006968e1d4ee797628cafb40463cef253c40ccd603,Files baseline 99951c66928c4da714da8b1dd46039421182cbab; verify package-specific origin,NOASSERTION,REVIEW_REQUIRED,excluded
src/Files.App/Assets/AppTiles/Dev/contrast-black/Square44x44Logo.targetsize-36_contrast-black.png,1853842eb6024ae647a338006968e1d4ee797628cafb40463cef253c40ccd603,Files baseline 99951c66928c4da714da8b1dd46039421182cbab; verify package-specific origin,NOASSERTION,REVIEW_REQUIRED,excluded
src/Files.App/Assets/AppTiles/Dev/contrast-black/Square44x44Logo.targetsize-40_altform-lightunplated_contrast-black.png,156e29402ee5bed944a76521e3d440a037cf0790d1b16477ebcec197c58587e3,Files baseline 99951c66928c4da714da8b1dd46039421182cbab; verify package-specific origin,NOASSERTION,REVIEW_REQUIRED,excluded
src/Files.App/Assets/AppTiles/Dev/contrast-black/Square44x44Logo.targetsize-40_altform-unplated_contrast-black.png,156e29402ee5bed944a76521e3d440a037cf0790d1b16477ebcec197c58587e3,Files baseline 99951c66928c4da714da8b1dd46039421182cbab; verify package-specific origin,NOASSERTION,REVIEW_REQUIRED,excluded
src/Files.App/Assets/AppTiles/Dev/contrast-black/Square44x44Logo.targetsize-40_contrast-black.png,156e29402ee5bed944a76521e3d440a037cf0790d1b16477ebcec197c58587e3,Files baseline 99951c66928c4da714da8b1dd46039421182cbab; verify package-specific origin,NOASSERTION,REVIEW_REQUIRED,excluded
src/Files.App/Assets/AppTiles/Dev/contrast-black/Square44x44Logo.targetsize-48_altform-lightunplated_contrast-black.png,1ab9acf2bbe174e263b9114fcf07f925f5f0f5272214ac524156c2e4d7875d96,Files baseline 99951c66928c4da714da8b1dd46039421182cbab; verify package-specific origin,NOASSERTION,REVIEW_REQUIRED,excluded
src/Files.App/Assets/AppTiles/Dev/contrast-black/Square44x44Logo.targetsize-48_altform-unplated_contrast-black.png,1ab9acf2bbe174e263b9114fcf07f925f5f0f5272214ac524156c2e4d7875d96,Files baseline 99951c66928c4da714da8b1dd46039421182cbab; verify package-specific origin,NOASSERTION,REVIEW_REQUIRED,excluded
src/Files.App/Assets/AppTiles/Dev/contrast-black/Square44x44Logo.targetsize-48_contrast-black.png,1ab9acf2bbe174e263b9114fcf07f925f5f0f5272214ac524156c2e4d7875d96,Files baseline 99951c66928c4da714da8b1dd46039421182cbab; verify package-specific origin,NOASSERTION,REVIEW_REQUIRED,excluded
src/Files.App/Assets/AppTiles/Dev/contrast-black/Square44x44Logo.targetsize-60_altform-lightunplated_contrast-black.png,4cc123aa2c70484976e14a0049ede4ce1a4ea194914c439c20eb5c528e16320d,Files baseline 99951c66928c4da714da8b1dd46039421182cbab; verify package-specific origin,NOASSERTION,REVIEW_REQUIRED,excluded
src/Files.App/Assets/AppTiles/Dev/contrast-black/Square44x44Logo.targetsize-60_altform-unplated_contrast-black.png,4cc123aa2c70484976e14a0049ede4ce1a4ea194914c439c20eb5c528e16320d,Files baseline 99951c66928c4da714da8b1dd46039421182cbab; verify package-specific origin,NOASSERTION,REVIEW_REQUIRED,excluded
src/Files.App/Assets/AppTiles/Dev/contrast-black/Square44x44Logo.targetsize-60_contrast-black.png,4cc123aa2c70484976e14a0049ede4ce1a4ea194914c439c20eb5c528e16320d,Files baseline 99951c66928c4da714da8b1dd46039421182cbab; verify package-specific origin,NOASSERTION,REVIEW_REQUIRED,excluded
src/Files.App/Assets/AppTiles/Dev/contrast-black/Square44x44Logo.targetsize-64_altform-lightunplated_contrast-black.png,833e5a7f7be3df092a0b3b4d04a57b82961caa3788c54e2b08ae00f240c142d7,Files baseline 99951c66928c4da714da8b1dd46039421182cbab; verify package-specific origin,NOASSERTION,REVIEW_REQUIRED,excluded
src/Files.App/Assets/AppTiles/Dev/contrast-black/Square44x44Logo.targetsize-64_altform-unplated_contrast-black.png,833e5a7f7be3df092a0b3b4d04a57b82961caa3788c54e2b08ae00f240c142d7,Files baseline 99951c66928c4da714da8b1dd46039421182cbab; verify package-specific origin,NOASSERTION,REVIEW_REQUIRED,excluded
src/Files.App/Assets/AppTiles/Dev/contrast-black/Square44x44Logo.targetsize-64_contrast-black.png,833e5a7f7be3df092a0b3b4d04a57b82961caa3788c54e2b08ae00f240c142d7,Files baseline 99951c66928c4da714da8b1dd46039421182cbab; verify package-specific origin,NOASSERTION,REVIEW_REQUIRED,excluded
src/Files.App/Assets/AppTiles/Dev/contrast-black/Square44x44Logo.targetsize-72_altform-lightunplated_contrast-black.png,0c09308c06d8c3e7bc0548cd75360ce414f52a84a666c82961bbb5f45af14ff6,Files baseline 99951c66928c4da714da8b1dd46039421182cbab; verify package-specific origin,NOASSERTION,REVIEW_REQUIRED,excluded
src/Files.App/Assets/AppTiles/Dev/contrast-black/Square44x44Logo.targetsize-72_altform-unplated_contrast-black.png,0c09308c06d8c3e7bc0548cd75360ce414f52a84a666c82961bbb5f45af14ff6,Files baseline 99951c66928c4da714da8b1dd46039421182cbab; verify package-specific origin,NOASSERTION,REVIEW_REQUIRED,excluded
src/Files.App/Assets/AppTiles/Dev/contrast-black/Square44x44Logo.targetsize-72_contrast-black.png,0c09308c06d8c3e7bc0548cd75360ce414f52a84a666c82961bbb5f45af14ff6,Files baseline 99951c66928c4da714da8b1dd46039421182cbab; verify package-specific origin,NOASSERTION,REVIEW_REQUIRED,excluded
src/Files.App/Assets/AppTiles/Dev/contrast-black/Square44x44Logo.targetsize-80_altform-lightunplated_contrast-black.png,1a91d67408522ebaec52c8d614af4e1e843cdd0ca9a296fa6dae4b451643ad57,Files baseline 99951c66928c4da714da8b1dd46039421182cbab; verify package-specific origin,NOASSERTION,REVIEW_REQUIRED,excluded
src/Files.App/Assets/AppTiles/Dev/contrast-black/Square44x44Logo.targetsize-80_altform-unplated_contrast-black.png,1a91d67408522ebaec52c8d614af4e1e843cdd0ca9a296fa6dae4b451643ad57,Files baseline 99951c66928c4da714da8b1dd46039421182cbab; verify package-specific origin,NOASSERTION,REVIEW_REQUIRED,excluded
src/Files.App/Assets/AppTiles/Dev/contrast-black/Square44x44Logo.targetsize-80_contrast-black.png,1a91d67408522ebaec52c8d614af4e1e843cdd0ca9a296fa6dae4b451643ad57,Files baseline 99951c66928c4da714da8b1dd46039421182cbab; verify package-specific origin,NOASSERTION,REVIEW_REQUIRED,excluded
src/Files.App/Assets/AppTiles/Dev/contrast-black/Square44x44Logo.targetsize-96_altform-lightunplated_contrast-black.png,1c32b40462ac0ef967be5a8d8d3886efaa476d3072d827d203c2adb46c1fe29d,Files baseline 99951c66928c4da714da8b1dd46039421182cbab; verify package-specific origin,NOASSERTION,REVIEW_REQUIRED,excluded
src/Files.App/Assets/AppTiles/Dev/contrast-black/Square44x44Logo.targetsize-96_altform-unplated_contrast-black.png,1c32b40462ac0ef967be5a8d8d3886efaa476d3072d827d203c2adb46c1fe29d,Files baseline 99951c66928c4da714da8b1dd46039421182cbab; verify package-specific origin,NOASSERTION,REVIEW_REQUIRED,excluded
src/Files.App/Assets/AppTiles/Dev/contrast-black/Square44x44Logo.targetsize-96_contrast-black.png,1c32b40462ac0ef967be5a8d8d3886efaa476d3072d827d203c2adb46c1fe29d,Files baseline 99951c66928c4da714da8b1dd46039421182cbab; verify package-specific origin,NOASSERTION,REVIEW_REQUIRED,excluded
src/Files.App/Assets/AppTiles/Dev/contrast-black/StoreLogo.scale-100_contrast-black.png,243e45f96bba77382061eb9dfd172e330dddad27512e399e89d147d90fb290be,Files baseline 99951c66928c4da714da8b1dd46039421182cbab; verify package-specific origin,NOASSERTION,REVIEW_REQUIRED,excluded
src/Files.App/Assets/AppTiles/Dev/contrast-black/StoreLogo.scale-125_contrast-black.png,38a9bb6b2b4a1b1a8fc768275012b42e5c2b999b4439c800ebe55255cf978f44,Files baseline 99951c66928c4da714da8b1dd46039421182cbab; verify package-specific origin,NOASSERTION,REVIEW_REQUIRED,excluded
src/Files.App/Assets/AppTiles/Dev/contrast-black/StoreLogo.scale-150_contrast-black.png,f2d06112a54b1373fb28ed93345565dd163b01dc4437bc83cf4b434f21ab480b,Files baseline 99951c66928c4da714da8b1dd46039421182cbab; verify package-specific origin,NOASSERTION,REVIEW_REQUIRED,excluded
src/Files.App/Assets/AppTiles/Dev/contrast-black/StoreLogo.scale-200_contrast-black.png,5f5e20b675d5823df83c5d40d1faef85d0669e72ea594f3e17cd2882a5fdcc9d,Files baseline 99951c66928c4da714da8b1dd46039421182cbab; verify package-specific origin,NOASSERTION,REVIEW_REQUIRED,excluded
src/Files.App/Assets/AppTiles/Dev/contrast-black/StoreLogo.scale-400_contrast-black.png,ef2a847b4f44dd41662dad9ec4177994e892ee28d525d08d785a6893402385ee,Files baseline 99951c66928c4da714da8b1dd46039421182cbab; verify package-specific origin,NOASSERTION,REVIEW_REQUIRED,excluded
src/Files.App/Assets/AppTiles/Dev/contrast-black/Wide310x150Logo.scale-100_contrast-black.png,0c21df601293bec39473d4a995fb441816b949bd3d9f345314b51c33530e4a78,Files baseline 99951c66928c4da714da8b1dd46039421182cbab; verify package-specific origin,NOASSERTION,REVIEW_REQUIRED,excluded
src/Files.App/Assets/AppTiles/Dev/contrast-black/Wide310x150Logo.scale-125_contrast-black.png,9e4b7cc477f44da9afc30693bc80e10aad215ac380bc396043da5d0a121e2ab2,Files baseline 99951c66928c4da714da8b1dd46039421182cbab; verify package-specific origin,NOASSERTION,REVIEW_REQUIRED,excluded
src/Files.App/Assets/AppTiles/Dev/contrast-black/Wide310x150Logo.scale-150_contrast-black.png,3ad78ed71248e4f80b6ce9c2e8d6d519ab652c491543b0e9a2b724ff0488014c,Files baseline 99951c66928c4da714da8b1dd46039421182cbab; verify package-specific origin,NOASSERTION,REVIEW_REQUIRED,excluded
src/Files.App/Assets/AppTiles/Dev/contrast-black/Wide310x150Logo.scale-200_contrast-black.png,6ebf7be54e822d7ebf0ed2f02239b04749741cc310bac4722b089bc8f755dc63,Files baseline 99951c66928c4da714da8b1dd46039421182cbab; verify package-specific origin,NOASSERTION,REVIEW_REQUIRED,excluded
src/Files.App/Assets/AppTiles/Dev/contrast-black/Wide310x150Logo.scale-400_contrast-black.png,d509dd7e39e2f07c09188761559cd9fbc08e9509bcdc15804164759436525c8f,Files baseline 99951c66928c4da714da8b1dd46039421182cbab; verify package-specific origin,NOASSERTION,REVIEW_REQUIRED,excluded
src/Files.App/Assets/AppTiles/Dev/contrast-white/BadgeLogo.scale-100_contrast-white.png,a6b32d6219862ca39dd9814cfe4f31b1328f8ef442322d16a873faf1111a1d29,Files baseline 99951c66928c4da714da8b1dd46039421182cbab; verify package-specific origin,NOASSERTION,REVIEW_REQUIRED,excluded
src/Files.App/Assets/AppTiles/Dev/contrast-white/BadgeLogo.scale-125_contrast-white.png,ec04d4503a4a55a84700e6e1709efd091fb34d2354153bc58ed61b2c7e1d1601,Files baseline 99951c66928c4da714da8b1dd46039421182cbab; verify package-specific origin,NOASSERTION,REVIEW_REQUIRED,excluded
src/Files.App/Assets/AppTiles/Dev/contrast-white/BadgeLogo.scale-150_contrast-white.png,5760614f0729b42895cd9c4f2062d0ccfacc1ca1096f65f8c45964b54598e7cb,Files baseline 99951c66928c4da714da8b1dd46039421182cbab; verify package-specific origin,NOASSERTION,REVIEW_REQUIRED,excluded
src/Files.App/Assets/AppTiles/Dev/contrast-white/BadgeLogo.scale-200_contrast-white.png,42c30a5957e1d4a277eaa4e026616a360b20bf9a19cce0b46a9f9669a41f40d0,Files baseline 99951c66928c4da714da8b1dd46039421182cbab; verify package-specific origin,NOASSERTION,REVIEW_REQUIRED,excluded
src/Files.App/Assets/AppTiles/Dev/contrast-white/BadgeLogo.scale-400_contrast-white.png,4db7c3d012ea95ace910def059c7eee4eef4768f392812d452ada275b26cb159,Files baseline 99951c66928c4da714da8b1dd46039421182cbab; verify package-specific origin,NOASSERTION,REVIEW_REQUIRED,excluded
src/Files.App/Assets/AppTiles/Dev/contrast-white/Large310x310Logo.scale-100_contrast-white.png,5cf5a997bc880631152964545a4a7072151e51ca194acd028ed0881aa5a2f1c1,Files baseline 99951c66928c4da714da8b1dd46039421182cbab; verify package-specific origin,NOASSERTION,REVIEW_REQUIRED,excluded
src/Files.App/Assets/AppTiles/Dev/contrast-white/Large310x310Logo.scale-125_contrast-white.png,d0a524b14a146e5b41b26936e247bd1d9e0bd748a6bac597d18e534501369ab9,Files baseline 99951c66928c4da714da8b1dd46039421182cbab; verify package-specific origin,NOASSERTION,REVIEW_REQUIRED,excluded
src/Files.App/Assets/AppTiles/Dev/contrast-white/Large310x310Logo.scale-150_contrast-white.png,275a6811dacbbfa7cb10d25384e7463e3ca0ecea83e474b137a082f233aa1743,Files baseline 99951c66928c4da714da8b1dd46039421182cbab; verify package-specific origin,NOASSERTION,REVIEW_REQUIRED,excluded
src/Files.App/Assets/AppTiles/Dev/contrast-white/Large310x310Logo.scale-200_contrast-white.png,42ee634b2764573ac48d36fd516b6d4517977e16d9e239612c5f2b689bfe6baa,Files baseline 99951c66928c4da714da8b1dd46039421182cbab; verify package-specific origin,NOASSERTION,REVIEW_REQUIRED,excluded
src/Files.App/Assets/AppTiles/Dev/contrast-white/Large310x310Logo.scale-400_contrast-white.png,113dd62a650bd6e4e161ce0406ce3b44b6ecd5f2a55752b8eaf507173433a4c3,Files baseline 99951c66928c4da714da8b1dd46039421182cbab; verify package-specific origin,NOASSERTION,REVIEW_REQUIRED,excluded
src/Files.App/Assets/AppTiles/Dev/contrast-white/Small71x71Logo.scale-100_contrast-white.png,e9986d9c6165a1b840945343c8cf3f89442bdc9a521651830aa64cafc45b03ae,Files baseline 99951c66928c4da714da8b1dd46039421182cbab; verify package-specific origin,NOASSERTION,REVIEW_REQUIRED,excluded
src/Files.App/Assets/AppTiles/Dev/contrast-white/Small71x71Logo.scale-125_contrast-white.png,3d82d5ab934c0f07300ed31fbd36b3da39c4507d0d944b83a223cd5be0e4ec53,Files baseline 99951c66928c4da714da8b1dd46039421182cbab; verify package-specific origin,NOASSERTION,REVIEW_REQUIRED,excluded
src/Files.App/Assets/AppTiles/Dev/contrast-white/Small71x71Logo.scale-150_contrast-white.png,8301b420a49e30c04e45df6affdce1883ca4708b4afa55907591f0c910a11214,Files baseline 99951c66928c4da714da8b1dd46039421182cbab; verify package-specific origin,NOASSERTION,REVIEW_REQUIRED,excluded
src/Files.App/Assets/AppTiles/Dev/contrast-white/Small71x71Logo.scale-200_contrast-white.png,0f32046d20c1ed71bf0774fabf3a95fb1a7a29d969340dce979217f1a24493b9,Files baseline 99951c66928c4da714da8b1dd46039421182cbab; verify package-specific origin,NOASSERTION,REVIEW_REQUIRED,excluded
src/Files.App/Assets/AppTiles/Dev/contrast-white/Small71x71Logo.scale-400_contrast-white.png,5e3f5f900c3e3b5d6719ee06d48d980746553aa1ba851c6d8b3472960c3f0a4f,Files baseline 99951c66928c4da714da8b1dd46039421182cbab; verify package-specific origin,NOASSERTION,REVIEW_REQUIRED,excluded
src/Files.App/Assets/AppTiles/Dev/contrast-white/SplashScreen.scale-100_contrast-white.png,068b9f05a672c18cbacc794a6e8605bb722533f18f9c8c9aa157632c5724b1ed,Files baseline 99951c66928c4da714da8b1dd46039421182cbab; verify package-specific origin,NOASSERTION,REVIEW_REQUIRED,excluded
src/Files.App/Assets/AppTiles/Dev/contrast-white/SplashScreen.scale-125_contrast-white.png,9bd874802f322e386553a2ac3a6753a9006cb0a528908e3494ef68e25e4c07e6,Files baseline 99951c66928c4da714da8b1dd46039421182cbab; verify package-specific origin,NOASSERTION,REVIEW_REQUIRED,excluded
src/Files.App/Assets/AppTiles/Dev/contrast-white/SplashScreen.scale-150_contrast-white.png,feb2553d6a67980a5fb2be9ce97aaba089292946997bde5e000954678c819e89,Files baseline 99951c66928c4da714da8b1dd46039421182cbab; verify package-specific origin,NOASSERTION,REVIEW_REQUIRED,excluded
src/Files.App/Assets/AppTiles/Dev/contrast-white/SplashScreen.scale-200_contrast-white.png,70e078b2a465e54b453cb73bf387b11f83b8d67546fd8501994d53ed21f90a18,Files baseline 99951c66928c4da714da8b1dd46039421182cbab; verify package-specific origin,NOASSERTION,REVIEW_REQUIRED,excluded
src/Files.App/Assets/AppTiles/Dev/contrast-white/SplashScreen.scale-400_contrast-white.png,d2c15e192ca08fef5b7060ad3423e4c5af50a6d9c03426171255e310b29cd676,Files baseline 99951c66928c4da714da8b1dd46039421182cbab; verify package-specific origin,NOASSERTION,REVIEW_REQUIRED,excluded
src/Files.App/Assets/AppTiles/Dev/contrast-white/Square150x150Logo.scale-100_contrast-white.png,0c3d1783e5dfb99b835cf283954bb68de2e37e7e8416fe3fbacc631e327c0fbb,Files baseline 99951c66928c4da714da8b1dd46039421182cbab; verify package-specific origin,NOASSERTION,REVIEW_REQUIRED,excluded
src/Files.App/Assets/AppTiles/Dev/contrast-white/Square150x150Logo.scale-125_contrast-white.png,239aceb6a99bf12e7438a3385ac612a77eb384e320b3a63dca53f8f887ee8179,Files baseline 99951c66928c4da714da8b1dd46039421182cbab; verify package-specific origin,NOASSERTION,REVIEW_REQUIRED,excluded
src/Files.App/Assets/AppTiles/Dev/contrast-white/Square150x150Logo.scale-150_contrast-white.png,522ecd991187287067093fac740ca11968ef321d24aae0082a62dcb8bcc7353a,Files baseline 99951c66928c4da714da8b1dd46039421182cbab; verify package-specific origin,NOASSERTION,REVIEW_REQUIRED,excluded
src/Files.App/Assets/AppTiles/Dev/contrast-white/Square150x150Logo.scale-200_contrast-white.png,55206b86e114401733ec12dc24dafb7043ff82fee226a0d9ffccc375592c8d33,Files baseline 99951c66928c4da714da8b1dd46039421182cbab; verify package-specific origin,NOASSERTION,REVIEW_REQUIRED,excluded
src/Files.App/Assets/AppTiles/Dev/contrast-white/Square150x150Logo.scale-400_contrast-white.png,a2d4124538ce0733fab18044a14325c95d0824be6fbe50ac49f48ca0f02ef3ed,Files baseline 99951c66928c4da714da8b1dd46039421182cbab; verify package-specific origin,NOASSERTION,REVIEW_REQUIRED,excluded
src/Files.App/Assets/AppTiles/Dev/contrast-white/Square44x44Logo.scale-100_contrast-white.png,d07a53265cd3f7cf8d625fa8146de69858d85cc39055ee727420adc61817af85,Files baseline 99951c66928c4da714da8b1dd46039421182cbab; verify package-specific origin,NOASSERTION,REVIEW_REQUIRED,excluded
src/Files.App/Assets/AppTiles/Dev/contrast-white/Square44x44Logo.scale-125_contrast-white.png,9974ee6e662ca812cccb825de02f10b0591eb5ee40cd61480f14c6f5ecf477f5,Files baseline 99951c66928c4da714da8b1dd46039421182cbab; verify package-specific origin,NOASSERTION,REVIEW_REQUIRED,excluded
src/Files.App/Assets/AppTiles/Dev/contrast-white/Square44x44Logo.scale-150_contrast-white.png,8216c24aa0f3c0dde2721e4f67e57089e9e00fad138897ac041b7d8079bf0f88,Files baseline 99951c66928c4da714da8b1dd46039421182cbab; verify package-specific origin,NOASSERTION,REVIEW_REQUIRED,excluded
src/Files.App/Assets/AppTiles/Dev/contrast-white/Square44x44Logo.scale-200_contrast-white.png,eb760686549dc388bb123d62ec3a4ec7d75aebf667aad9430c7707c4a577a399,Files baseline 99951c66928c4da714da8b1dd46039421182cbab; verify package-specific origin,NOASSERTION,REVIEW_REQUIRED,excluded
src/Files.App/Assets/AppTiles/Dev/contrast-white/Square44x44Logo.scale-400_contrast-white.png,c59116f3ad81cce52e39e8f0ad0a4151331137c93372b844b48582e711287c53,Files baseline 99951c66928c4da714da8b1dd46039421182cbab; verify package-specific origin,NOASSERTION,REVIEW_REQUIRED,excluded
src/Files.App/Assets/AppTiles/Dev/contrast-white/Square44x44Logo.targetsize-16_altform-lightunplated_contrast-white.png,a2c6195e58a52d5d3c8d100c055c615498fc7f62b6cf37df18af14e85ff1e6bb,Files baseline 99951c66928c4da714da8b1dd46039421182cbab; verify package-specific origin,NOASSERTION,REVIEW_REQUIRED,excluded
src/Files.App/Assets/AppTiles/Dev/contrast-white/Square44x44Logo.targetsize-16_altform-unplated_contrast-white.png,a2c6195e58a52d5d3c8d100c055c615498fc7f62b6cf37df18af14e85ff1e6bb,Files baseline 99951c66928c4da714da8b1dd46039421182cbab; verify package-specific origin,NOASSERTION,REVIEW_REQUIRED,excluded
src/Files.App/Assets/AppTiles/Dev/contrast-white/Square44x44Logo.targetsize-16_contrast-white.png,a2c6195e58a52d5d3c8d100c055c615498fc7f62b6cf37df18af14e85ff1e6bb,Files baseline 99951c66928c4da714da8b1dd46039421182cbab; verify package-specific origin,NOASSERTION,REVIEW_REQUIRED,excluded
src/Files.App/Assets/AppTiles/Dev/contrast-white/Square44x44Logo.targetsize-20_altform-lightunplated_contrast-white.png,0e219d6b778dea5adc05cf875c9ca528fc2c54b99edb93c70d2cfe1027bc8d3d,Files baseline 99951c66928c4da714da8b1dd46039421182cbab; verify package-specific origin,NOASSERTION,REVIEW_REQUIRED,excluded
src/Files.App/Assets/AppTiles/Dev/contrast-white/Square44x44Logo.targetsize-20_altform-unplated_contrast-white.png,0e219d6b778dea5adc05cf875c9ca528fc2c54b99edb93c70d2cfe1027bc8d3d,Files baseline 99951c66928c4da714da8b1dd46039421182cbab; verify package-specific origin,NOASSERTION,REVIEW_REQUIRED,excluded
src/Files.App/Assets/AppTiles/Dev/contrast-white/Square44x44Logo.targetsize-20_contrast-white.png,0e219d6b778dea5adc05cf875c9ca528fc2c54b99edb93c70d2cfe1027bc8d3d,Files baseline 99951c66928c4da714da8b1dd46039421182cbab; verify package-specific origin,NOASSERTION,REVIEW_REQUIRED,excluded
src/Files.App/Assets/AppTiles/Dev/contrast-white/Square44x44Logo.targetsize-24_altform-lightunplated_contrast-white.png,a6b32d6219862ca39dd9814cfe4f31b1328f8ef442322d16a873faf1111a1d29,Files baseline 99951c66928c4da714da8b1dd46039421182cbab; verify package-specific origin,NOASSERTION,REVIEW_REQUIRED,excluded
src/Files.App/Assets/AppTiles/Dev/contrast-white/Square44x44Logo.targetsize-24_altform-unplated_contrast-white.png,a6b32d6219862ca39dd9814cfe4f31b1328f8ef442322d16a873faf1111a1d29,Files baseline 99951c66928c4da714da8b1dd46039421182cbab; verify package-specific origin,NOASSERTION,REVIEW_REQUIRED,excluded
src/Files.App/Assets/AppTiles/Dev/contrast-white/Square44x44Logo.targetsize-24_contrast-white.png,a6b32d6219862ca39dd9814cfe4f31b1328f8ef442322d16a873faf1111a1d29,Files baseline 99951c66928c4da714da8b1dd46039421182cbab; verify package-specific origin,NOASSERTION,REVIEW_REQUIRED,excluded
src/Files.App/Assets/AppTiles/Dev/contrast-white/Square44x44Logo.targetsize-256_altform-lightunplated_contrast-white.png,86a92ecee9d50f2bf0c38baaefd29a11f7bbc1b85ec5da1c106f2cf41ac567f1,Files baseline 99951c66928c4da714da8b1dd46039421182cbab; verify package-specific origin,NOASSERTION,REVIEW_REQUIRED,excluded
src/Files.App/Assets/AppTiles/Dev/contrast-white/Square44x44Logo.targetsize-256_altform-unplated_contrast-white.png,86a92ecee9d50f2bf0c38baaefd29a11f7bbc1b85ec5da1c106f2cf41ac567f1,Files baseline 99951c66928c4da714da8b1dd46039421182cbab; verify package-specific origin,NOASSERTION,REVIEW_REQUIRED,excluded
src/Files.App/Assets/AppTiles/Dev/contrast-white/Square44x44Logo.targetsize-256_contrast-white.png,86a92ecee9d50f2bf0c38baaefd29a11f7bbc1b85ec5da1c106f2cf41ac567f1,Files baseline 99951c66928c4da714da8b1dd46039421182cbab; verify package-specific origin,NOASSERTION,REVIEW_REQUIRED,excluded
src/Files.App/Assets/AppTiles/Dev/contrast-white/Square44x44Logo.targetsize-30_altform-lightunplated_contrast-white.png,0d3b2824c36614d494f72797c9cd0e9b938851927c4d976fc60cd99dfd9d6d11,Files baseline 99951c66928c4da714da8b1dd46039421182cbab; verify package-specific origin,NOASSERTION,REVIEW_REQUIRED,excluded
src/Files.App/Assets/AppTiles/Dev/contrast-white/Square44x44Logo.targetsize-30_altform-unplated_contrast-white.png,0d3b2824c36614d494f72797c9cd0e9b938851927c4d976fc60cd99dfd9d6d11,Files baseline 99951c66928c4da714da8b1dd46039421182cbab; verify package-specific origin,NOASSERTION,REVIEW_REQUIRED,excluded
src/Files.App/Assets/AppTiles/Dev/contrast-white/Square44x44Logo.targetsize-30_contrast-white.png,0d3b2824c36614d494f72797c9cd0e9b938851927c4d976fc60cd99dfd9d6d11,Files baseline 99951c66928c4da714da8b1dd46039421182cbab; verify package-specific origin,NOASSERTION,REVIEW_REQUIRED,excluded
src/Files.App/Assets/AppTiles/Dev/contrast-white/Square44x44Logo.targetsize-32_altform-lightunplated_contrast-white.png,209f37bccf158392cd5962a243d6aa8c7f4a007134e953a37880c37beb311da2,Files baseline 99951c66928c4da714da8b1dd46039421182cbab; verify package-specific origin,NOASSERTION,REVIEW_REQUIRED,excluded
src/Files.App/Assets/AppTiles/Dev/contrast-white/Square44x44Logo.targetsize-32_altform-unplated_contrast-white.png,209f37bccf158392cd5962a243d6aa8c7f4a007134e953a37880c37beb311da2,Files baseline 99951c66928c4da714da8b1dd46039421182cbab; verify package-specific origin,NOASSERTION,REVIEW_REQUIRED,excluded
src/Files.App/Assets/AppTiles/Dev/contrast-white/Square44x44Logo.targetsize-32_contrast-white.png,209f37bccf158392cd5962a243d6aa8c7f4a007134e953a37880c37beb311da2,Files baseline 99951c66928c4da714da8b1dd46039421182cbab; verify package-specific origin,NOASSERTION,REVIEW_REQUIRED,excluded
src/Files.App/Assets/AppTiles/Dev/contrast-white/Square44x44Logo.targetsize-36_altform-lightunplated_contrast-white.png,63eda801ef3587f5ec7a8d0a04cb3fc4064b0eb331b312b484e7a46cc3d7e830,Files baseline 99951c66928c4da714da8b1dd46039421182cbab; verify package-specific origin,NOASSERTION,REVIEW_REQUIRED,excluded
src/Files.App/Assets/AppTiles/Dev/contrast-white/Square44x44Logo.targetsize-36_altform-unplated_contrast-white.png,63eda801ef3587f5ec7a8d0a04cb3fc4064b0eb331b312b484e7a46cc3d7e830,Files baseline 99951c66928c4da714da8b1dd46039421182cbab; verify package-specific origin,NOASSERTION,REVIEW_REQUIRED,excluded
src/Files.App/Assets/AppTiles/Dev/contrast-white/Square44x44Logo.targetsize-36_contrast-white.png,63eda801ef3587f5ec7a8d0a04cb3fc4064b0eb331b312b484e7a46cc3d7e830,Files baseline 99951c66928c4da714da8b1dd46039421182cbab; verify package-specific origin,NOASSERTION,REVIEW_REQUIRED,excluded
src/Files.App/Assets/AppTiles/Dev/contrast-white/Square44x44Logo.targetsize-40_altform-lightunplated_contrast-white.png,8a223124533536f11b0480e6393990d59aa7db5fc8632d420bec9a63471350de,Files baseline 99951c66928c4da714da8b1dd46039421182cbab; verify package-specific origin,NOASSERTION,REVIEW_REQUIRED,excluded
src/Files.App/Assets/AppTiles/Dev/contrast-white/Square44x44Logo.targetsize-40_altform-unplated_contrast-white.png,8a223124533536f11b0480e6393990d59aa7db5fc8632d420bec9a63471350de,Files baseline 99951c66928c4da714da8b1dd46039421182cbab; verify package-specific origin,NOASSERTION,REVIEW_REQUIRED,excluded
src/Files.App/Assets/AppTiles/Dev/contrast-white/Square44x44Logo.targetsize-40_contrast-white.png,8a223124533536f11b0480e6393990d59aa7db5fc8632d420bec9a63471350de,Files baseline 99951c66928c4da714da8b1dd46039421182cbab; verify package-specific origin,NOASSERTION,REVIEW_REQUIRED,excluded
src/Files.App/Assets/AppTiles/Dev/contrast-white/Square44x44Logo.targetsize-48_altform-lightunplated_contrast-white.png,82c89314d55752ab9458c1e7480806498dbd0971a4c6d7cbe1a79498aca5ffea,Files baseline 99951c66928c4da714da8b1dd46039421182cbab; verify package-specific origin,NOASSERTION,REVIEW_REQUIRED,excluded
src/Files.App/Assets/AppTiles/Dev/contrast-white/Square44x44Logo.targetsize-48_altform-unplated_contrast-white.png,82c89314d55752ab9458c1e7480806498dbd0971a4c6d7cbe1a79498aca5ffea,Files baseline 99951c66928c4da714da8b1dd46039421182cbab; verify package-specific origin,NOASSERTION,REVIEW_REQUIRED,excluded
src/Files.App/Assets/AppTiles/Dev/contrast-white/Square44x44Logo.targetsize-48_contrast-white.png,82c89314d55752ab9458c1e7480806498dbd0971a4c6d7cbe1a79498aca5ffea,Files baseline 99951c66928c4da714da8b1dd46039421182cbab; verify package-specific origin,NOASSERTION,REVIEW_REQUIRED,excluded
src/Files.App/Assets/AppTiles/Dev/contrast-white/Square44x44Logo.targetsize-60_altform-lightunplated_contrast-white.png,1e072bb8d47ae0a5f21d5c64a02e210b04230bb142a2401f378a610be77e6b20,Files baseline 99951c66928c4da714da8b1dd46039421182cbab; verify package-specific origin,NOASSERTION,REVIEW_REQUIRED,excluded
src/Files.App/Assets/AppTiles/Dev/contrast-white/Square44x44Logo.targetsize-60_altform-unplated_contrast-white.png,1e072bb8d47ae0a5f21d5c64a02e210b04230bb142a2401f378a610be77e6b20,Files baseline 99951c66928c4da714da8b1dd46039421182cbab; verify package-specific origin,NOASSERTION,REVIEW_REQUIRED,excluded
src/Files.App/Assets/AppTiles/Dev/contrast-white/Square44x44Logo.targetsize-60_contrast-white.png,1e072bb8d47ae0a5f21d5c64a02e210b04230bb142a2401f378a610be77e6b20,Files baseline 99951c66928c4da714da8b1dd46039421182cbab; verify package-specific origin,NOASSERTION,REVIEW_REQUIRED,excluded
src/Files.App/Assets/AppTiles/Dev/contrast-white/Square44x44Logo.targetsize-64_altform-lightunplated_contrast-white.png,dcf478d40370aed7ca18b99c25c528b30a7bb7bc541e25e13150a0bd9c1f79ae,Files baseline 99951c66928c4da714da8b1dd46039421182cbab; verify package-specific origin,NOASSERTION,REVIEW_REQUIRED,excluded
src/Files.App/Assets/AppTiles/Dev/contrast-white/Square44x44Logo.targetsize-64_altform-unplated_contrast-white.png,dcf478d40370aed7ca18b99c25c528b30a7bb7bc541e25e13150a0bd9c1f79ae,Files baseline 99951c66928c4da714da8b1dd46039421182cbab; verify package-specific origin,NOASSERTION,REVIEW_REQUIRED,excluded
src/Files.App/Assets/AppTiles/Dev/contrast-white/Square44x44Logo.targetsize-64_contrast-white.png,dcf478d40370aed7ca18b99c25c528b30a7bb7bc541e25e13150a0bd9c1f79ae,Files baseline 99951c66928c4da714da8b1dd46039421182cbab; verify package-specific origin,NOASSERTION,REVIEW_REQUIRED,excluded
src/Files.App/Assets/AppTiles/Dev/contrast-white/Square44x44Logo.targetsize-72_altform-lightunplated_contrast-white.png,e8bbd100d92313baa17fda60b3a121bf56fda79888c07b588711e1b7be18045f,Files baseline 99951c66928c4da714da8b1dd46039421182cbab; verify package-specific origin,NOASSERTION,REVIEW_REQUIRED,excluded
src/Files.App/Assets/AppTiles/Dev/contrast-white/Square44x44Logo.targetsize-72_altform-unplated_contrast-white.png,e8bbd100d92313baa17fda60b3a121bf56fda79888c07b588711e1b7be18045f,Files baseline 99951c66928c4da714da8b1dd46039421182cbab; verify package-specific origin,NOASSERTION,REVIEW_REQUIRED,excluded
src/Files.App/Assets/AppTiles/Dev/contrast-white/Square44x44Logo.targetsize-72_contrast-white.png,e8bbd100d92313baa17fda60b3a121bf56fda79888c07b588711e1b7be18045f,Files baseline 99951c66928c4da714da8b1dd46039421182cbab; verify package-specific origin,NOASSERTION,REVIEW_REQUIRED,excluded
src/Files.App/Assets/AppTiles/Dev/contrast-white/Square44x44Logo.targetsize-80_altform-lightunplated_contrast-white.png,f4389b53453a11319877ad3d625c6eb3792157bed6843859e10a9d875a35ce6e,Files baseline 99951c66928c4da714da8b1dd46039421182cbab; verify package-specific origin,NOASSERTION,REVIEW_REQUIRED,excluded
src/Files.App/Assets/AppTiles/Dev/contrast-white/Square44x44Logo.targetsize-80_altform-unplated_contrast-white.png,f4389b53453a11319877ad3d625c6eb3792157bed6843859e10a9d875a35ce6e,Files baseline 99951c66928c4da714da8b1dd46039421182cbab; verify package-specific origin,NOASSERTION,REVIEW_REQUIRED,excluded
src/Files.App/Assets/AppTiles/Dev/contrast-white/Square44x44Logo.targetsize-80_contrast-white.png,f4389b53453a11319877ad3d625c6eb3792157bed6843859e10a9d875a35ce6e,Files baseline 99951c66928c4da714da8b1dd46039421182cbab; verify package-specific origin,NOASSERTION,REVIEW_REQUIRED,excluded
src/Files.App/Assets/AppTiles/Dev/contrast-white/Square44x44Logo.targetsize-96_altform-lightunplated_contrast-white.png,64fdecc38fa2c63d57271646eebd8052cf7d65ac6080cfc891328d297ec5d3b3,Files baseline 99951c66928c4da714da8b1dd46039421182cbab; verify package-specific origin,NOASSERTION,REVIEW_REQUIRED,excluded
src/Files.App/Assets/AppTiles/Dev/contrast-white/Square44x44Logo.targetsize-96_altform-unplated_contrast-white.png,64fdecc38fa2c63d57271646eebd8052cf7d65ac6080cfc891328d297ec5d3b3,Files baseline 99951c66928c4da714da8b1dd46039421182cbab; verify package-specific origin,NOASSERTION,REVIEW_REQUIRED,excluded
src/Files.App/Assets/AppTiles/Dev/contrast-white/Square44x44Logo.targetsize-96_contrast-white.png,64fdecc38fa2c63d57271646eebd8052cf7d65ac6080cfc891328d297ec5d3b3,Files baseline 99951c66928c4da714da8b1dd46039421182cbab; verify package-specific origin,NOASSERTION,REVIEW_REQUIRED,excluded
src/Files.App/Assets/AppTiles/Dev/contrast-white/StoreLogo.scale-100_contrast-white.png,1b6fb499faffa7ca9e278a84eaae1162dd7dc92c60b93d5ca78e238a9dd9f85b,Files baseline 99951c66928c4da714da8b1dd46039421182cbab; verify package-specific origin,NOASSERTION,REVIEW_REQUIRED,excluded
src/Files.App/Assets/AppTiles/Dev/contrast-white/StoreLogo.scale-125_contrast-white.png,eb68c0f5a203a8e4540089baf4f8cba04b13695849a330a18c98cdab4a38c4f5,Files baseline 99951c66928c4da714da8b1dd46039421182cbab; verify package-specific origin,NOASSERTION,REVIEW_REQUIRED,excluded
src/Files.App/Assets/AppTiles/Dev/contrast-white/StoreLogo.scale-150_contrast-white.png,5f77151f7bf085712f0795cd98b16e029c736c38d92a87b8f6647240833a4adc,Files baseline 99951c66928c4da714da8b1dd46039421182cbab; verify package-specific origin,NOASSERTION,REVIEW_REQUIRED,excluded
src/Files.App/Assets/AppTiles/Dev/contrast-white/StoreLogo.scale-200_contrast-white.png,ca4687e435b869d44b99c3212c26f3f9ed3e82e5dad2d7e3c898ded21a80eeef,Files baseline 99951c66928c4da714da8b1dd46039421182cbab; verify package-specific origin,NOASSERTION,REVIEW_REQUIRED,excluded
src/Files.App/Assets/AppTiles/Dev/contrast-white/StoreLogo.scale-400_contrast-white.png,6ddfdf2320f956135310c5571034443b601bc20ecd6f9dab86a7e513836b7136,Files baseline 99951c66928c4da714da8b1dd46039421182cbab; verify package-specific origin,NOASSERTION,REVIEW_REQUIRED,excluded
src/Files.App/Assets/AppTiles/Dev/contrast-white/Wide310x150Logo.scale-100_contrast-white.png,e073122435a17101e8826d4bb5cddf18fb681891f618adfd8358bd0f2d90917c,Files baseline 99951c66928c4da714da8b1dd46039421182cbab; verify package-specific origin,NOASSERTION,REVIEW_REQUIRED,excluded
src/Files.App/Assets/AppTiles/Dev/contrast-white/Wide310x150Logo.scale-125_contrast-white.png,a8ef0b92688e9c4a0c07af06a26a874ed885d98db5b9c700bbd537b5a7a71aec,Files baseline 99951c66928c4da714da8b1dd46039421182cbab; verify package-specific origin,NOASSERTION,REVIEW_REQUIRED,excluded
src/Files.App/Assets/AppTiles/Dev/contrast-white/Wide310x150Logo.scale-150_contrast-white.png,f17a11e29d104bfb9622f016428a1b0a137178f7cb748dfd871f8562a0739898,Files baseline 99951c66928c4da714da8b1dd46039421182cbab; verify package-specific origin,NOASSERTION,REVIEW_REQUIRED,excluded
src/Files.App/Assets/AppTiles/Dev/contrast-white/Wide310x150Logo.scale-200_contrast-white.png,79cd66f89ee7f78789d1a59a5c6f54ecb8762a3281672fa3492ccf8a987fd91b,Files baseline 99951c66928c4da714da8b1dd46039421182cbab; verify package-specific origin,NOASSERTION,REVIEW_REQUIRED,excluded
src/Files.App/Assets/AppTiles/Dev/contrast-white/Wide310x150Logo.scale-400_contrast-white.png,e89eebc2acdb92f7c7f259867be8e9bc6f9217151bcf88ffdd07049d2dce4897,Files baseline 99951c66928c4da714da8b1dd46039421182cbab; verify package-specific origin,NOASSERTION,REVIEW_REQUIRED,excluded
src/Files.App/Assets/AppTiles/Preview/BadgeLogo.scale-100.png,dbc69c3e0770745a9f16bf29fa2ced216199425280ee63cf3bce66a44ded95a8,Files baseline 99951c66928c4da714da8b1dd46039421182cbab; verify package-specific origin,NOASSERTION,REVIEW_REQUIRED,excluded
src/Files.App/Assets/AppTiles/Preview/BadgeLogo.scale-125.png,b3496a1a705931b465eb84b4dd03b41ce0c85411c9ad21f0d039b2972c45a4b9,Files baseline 99951c66928c4da714da8b1dd46039421182cbab; verify package-specific origin,NOASSERTION,REVIEW_REQUIRED,excluded
src/Files.App/Assets/AppTiles/Preview/BadgeLogo.scale-150.png,c963f6837757c3947cb2f9fda1b33e4e1f1e130ec29a2c7494f4ea56b5e2c17b,Files baseline 99951c66928c4da714da8b1dd46039421182cbab; verify package-specific origin,NOASSERTION,REVIEW_REQUIRED,excluded
src/Files.App/Assets/AppTiles/Preview/BadgeLogo.scale-200.png,7e3fe1cb26c0547ebbb59ee1a7248df96f429512fbb9f36e70e09581ce2a667c,Files baseline 99951c66928c4da714da8b1dd46039421182cbab; verify package-specific origin,NOASSERTION,REVIEW_REQUIRED,excluded
src/Files.App/Assets/AppTiles/Preview/BadgeLogo.scale-400.png,4d675ec66c0ac34a26595e28a145702b489b4c1b2957293698d897eb7efa16c4,Files baseline 99951c66928c4da714da8b1dd46039421182cbab; verify package-specific origin,NOASSERTION,REVIEW_REQUIRED,excluded
src/Files.App/Assets/AppTiles/Preview/Large310x310Logo.scale-100.png,1e8208abce2a1a5734bba23aedacc41797209c95b0b4946de2926e5f2870ebc6,Files baseline 99951c66928c4da714da8b1dd46039421182cbab; verify package-specific origin,NOASSERTION,REVIEW_REQUIRED,excluded
src/Files.App/Assets/AppTiles/Preview/Large310x310Logo.scale-125.png,ae1a96549cf50b2ccb744155e089c326703d88b86f2bb863e7bc77e09bfdc8af,Files baseline 99951c66928c4da714da8b1dd46039421182cbab; verify package-specific origin,NOASSERTION,REVIEW_REQUIRED,excluded
src/Files.App/Assets/AppTiles/Preview/Large310x310Logo.scale-150.png,46d52b6faa870892d7922c1080ee1529d107f02a56259fdf2701049ed69212fd,Files baseline 99951c66928c4da714da8b1dd46039421182cbab; verify package-specific origin,NOASSERTION,REVIEW_REQUIRED,excluded
src/Files.App/Assets/AppTiles/Preview/Large310x310Logo.scale-200.png,03fa8e31b52e7f5a010685efdc96811a9205eab235f2bf6e9b10ef844701d572,Files baseline 99951c66928c4da714da8b1dd46039421182cbab; verify package-specific origin,NOASSERTION,REVIEW_REQUIRED,excluded
src/Files.App/Assets/AppTiles/Preview/Large310x310Logo.scale-400.png,5a8edc84981997c8ce845ff97be7c9e3976b6d7bbe8bbafac972ad964eb983f7,Files baseline 99951c66928c4da714da8b1dd46039421182cbab; verify package-specific origin,NOASSERTION,REVIEW_REQUIRED,excluded
src/Files.App/Assets/AppTiles/Preview/Logo.ico,7dac3c7d22461ad39b29a8cbfecd37f9365234934757428c0d95dcdaf09f28c4,Files baseline 99951c66928c4da714da8b1dd46039421182cbab; verify package-specific origin,NOASSERTION,REVIEW_REQUIRED,excluded
src/Files.App/Assets/AppTiles/Preview/Small71x71Logo.scale-100.png,568998a47cc68c31daa5d93c0e6664d944c25cd4f1cc03f88baa6de7e9232478,Files baseline 99951c66928c4da714da8b1dd46039421182cbab; verify package-specific origin,NOASSERTION,REVIEW_REQUIRED,excluded
src/Files.App/Assets/AppTiles/Preview/Small71x71Logo.scale-125.png,fc340d07bb4c420588ec07d792f37a86ff40c3239e5a18028bc65324fa991a4f,Files baseline 99951c66928c4da714da8b1dd46039421182cbab; verify package-specific origin,NOASSERTION,REVIEW_REQUIRED,excluded
src/Files.App/Assets/AppTiles/Preview/Small71x71Logo.scale-150.png,53946e1fba51c616720103d2027e06df4f1fc8879ee7cfc131e9af85a7b05017,Files baseline 99951c66928c4da714da8b1dd46039421182cbab; verify package-specific origin,NOASSERTION,REVIEW_REQUIRED,excluded
src/Files.App/Assets/AppTiles/Preview/Small71x71Logo.scale-200.png,0320c3d0eb4ef8e1a9f2597c4f3dcc452ca4c884e0614ade39f130c3378229bc,Files baseline 99951c66928c4da714da8b1dd46039421182cbab; verify package-specific origin,NOASSERTION,REVIEW_REQUIRED,excluded
src/Files.App/Assets/AppTiles/Preview/Small71x71Logo.scale-400.png,35a062d4c20cb93681ec19fe9fd3ba9b104b0b2e7119d5090804c78757300c6e,Files baseline 99951c66928c4da714da8b1dd46039421182cbab; verify package-specific origin,NOASSERTION,REVIEW_REQUIRED,excluded
src/Files.App/Assets/AppTiles/Preview/SplashScreen.scale-100.png,5a6654a9bf4f0cfce1bdd906878ee31cf26ff03bf0b06fe3aa6dece7fba55be0,Files baseline 99951c66928c4da714da8b1dd46039421182cbab; verify package-specific origin,NOASSERTION,REVIEW_REQUIRED,excluded
src/Files.App/Assets/AppTiles/Preview/SplashScreen.scale-125.png,3b4f5292c42dabfac9691e995c8610ef87ef426f9085dbbfeb7a0cf3b315c96e,Files baseline 99951c66928c4da714da8b1dd46039421182cbab; verify package-specific origin,NOASSERTION,REVIEW_REQUIRED,excluded
src/Files.App/Assets/AppTiles/Preview/SplashScreen.scale-150.png,8cc5b351e2e06d521f0efe399ede8635eb8f24fd9a2aa1bd7492f8d79979a664,Files baseline 99951c66928c4da714da8b1dd46039421182cbab; verify package-specific origin,NOASSERTION,REVIEW_REQUIRED,excluded
src/Files.App/Assets/AppTiles/Preview/SplashScreen.scale-200.png,9f7c44cf9ee8380f6dd46a87d046f187ed3f3f1c438c93f099fcb707a50db66a,Files baseline 99951c66928c4da714da8b1dd46039421182cbab; verify package-specific origin,NOASSERTION,REVIEW_REQUIRED,excluded
src/Files.App/Assets/AppTiles/Preview/SplashScreen.scale-400.png,a7b0f4e98f479e9cd51aa50db8408c328148f90130e7212c3d8fe7294a753728,Files baseline 99951c66928c4da714da8b1dd46039421182cbab; verify package-specific origin,NOASSERTION,REVIEW_REQUIRED,excluded
src/Files.App/Assets/AppTiles/Preview/Square150x150Logo.scale-100.png,c07d5905d00e36b543676b8fda50481f4f0ed21d6239829696a5b192fb559d43,Files baseline 99951c66928c4da714da8b1dd46039421182cbab; verify package-specific origin,NOASSERTION,REVIEW_REQUIRED,excluded
src/Files.App/Assets/AppTiles/Preview/Square150x150Logo.scale-125.png,0145e6e11632d3b3806d09e92934d9c444dd0cd57e5010193d9d93c1551a96ad,Files baseline 99951c66928c4da714da8b1dd46039421182cbab; verify package-specific origin,NOASSERTION,REVIEW_REQUIRED,excluded
src/Files.App/Assets/AppTiles/Preview/Square150x150Logo.scale-150.png,47ce229ef70419b0366ead76411075da4937c45ec83b10c4d38212a41d08c1f4,Files baseline 99951c66928c4da714da8b1dd46039421182cbab; verify package-specific origin,NOASSERTION,REVIEW_REQUIRED,excluded
src/Files.App/Assets/AppTiles/Preview/Square150x150Logo.scale-200.png,6ab7e008650dce28d2c5a8a1166e07d863a9c1b21576f0eeeb51b53d8e189d94,Files baseline 99951c66928c4da714da8b1dd46039421182cbab; verify package-specific origin,NOASSERTION,REVIEW_REQUIRED,excluded
src/Files.App/Assets/AppTiles/Preview/Square150x150Logo.scale-400.png,b8d586e92bbb82a8c1be7015c6392032865831ff8502f3ba6165e606dc63cae9,Files baseline 99951c66928c4da714da8b1dd46039421182cbab; verify package-specific origin,NOASSERTION,REVIEW_REQUIRED,excluded
src/Files.App/Assets/AppTiles/Preview/Square44x44Logo.scale-100.png,9f73120e62d5e3faced7c302d2fe71c717bc99f3ebab163877a8a74b446a3c44,Files baseline 99951c66928c4da714da8b1dd46039421182cbab; verify package-specific origin,NOASSERTION,REVIEW_REQUIRED,excluded
src/Files.App/Assets/AppTiles/Preview/Square44x44Logo.scale-125.png,d4689fb1ad6c25eb6b8fb9f9d3ff4f16b6cf950b9300999b6253bb0ed5e5ad86,Files baseline 99951c66928c4da714da8b1dd46039421182cbab; verify package-specific origin,NOASSERTION,REVIEW_REQUIRED,excluded
src/Files.App/Assets/AppTiles/Preview/Square44x44Logo.scale-150.png,68fd118d0cc28578033705d9ac7984a7ea8255a3fc7de1a893c98c9a187298ee,Files baseline 99951c66928c4da714da8b1dd46039421182cbab; verify package-specific origin,NOASSERTION,REVIEW_REQUIRED,excluded
src/Files.App/Assets/AppTiles/Preview/Square44x44Logo.scale-200.png,5da0093892d856ec83b15bd05d3221eca5bf3092780beb8aea02bf4562a7c584,Files baseline 99951c66928c4da714da8b1dd46039421182cbab; verify package-specific origin,NOASSERTION,REVIEW_REQUIRED,excluded
src/Files.App/Assets/AppTiles/Preview/Square44x44Logo.scale-400.png,89e892b64d9843240126c7bd269520c574d4953ede0da87d5a3cbfea6a44ca26,Files baseline 99951c66928c4da714da8b1dd46039421182cbab; verify package-specific origin,NOASSERTION,REVIEW_REQUIRED,excluded
src/Files.App/Assets/AppTiles/Preview/Square44x44Logo.targetsize-16.png,cc34bca1867f953a6d4a8ef58c840fed0c1323255e76df2d152be066a16ccb93,Files baseline 99951c66928c4da714da8b1dd46039421182cbab; verify package-specific origin,NOASSERTION,REVIEW_REQUIRED,excluded
src/Files.App/Assets/AppTiles/Preview/Square44x44Logo.targetsize-16_altform-lightunplated_theme-light.png,cc34bca1867f953a6d4a8ef58c840fed0c1323255e76df2d152be066a16ccb93,Files baseline 99951c66928c4da714da8b1dd46039421182cbab; verify package-specific origin,NOASSERTION,REVIEW_REQUIRED,excluded
src/Files.App/Assets/AppTiles/Preview/Square44x44Logo.targetsize-16_altform-unplated.png,cc34bca1867f953a6d4a8ef58c840fed0c1323255e76df2d152be066a16ccb93,Files baseline 99951c66928c4da714da8b1dd46039421182cbab; verify package-specific origin,NOASSERTION,REVIEW_REQUIRED,excluded
src/Files.App/Assets/AppTiles/Preview/Square44x44Logo.targetsize-20.png,329a8c2a079bb50b23686f812ebd029eedb2050ddac67e80ab87fe41ffe1a24e,Files baseline 99951c66928c4da714da8b1dd46039421182cbab; verify package-specific origin,NOASSERTION,REVIEW_REQUIRED,excluded
src/Files.App/Assets/AppTiles/Preview/Square44x44Logo.targetsize-20_altform-lightunplated_theme-light.png,329a8c2a079bb50b23686f812ebd029eedb2050ddac67e80ab87fe41ffe1a24e,Files baseline 99951c66928c4da714da8b1dd46039421182cbab; verify package-specific origin,NOASSERTION,REVIEW_REQUIRED,excluded
src/Files.App/Assets/AppTiles/Preview/Square44x44Logo.targetsize-20_altform-unplated.png,329a8c2a079bb50b23686f812ebd029eedb2050ddac67e80ab87fe41ffe1a24e,Files baseline 99951c66928c4da714da8b1dd46039421182cbab; verify package-specific origin,NOASSERTION,REVIEW_REQUIRED,excluded
src/Files.App/Assets/AppTiles/Preview/Square44x44Logo.targetsize-24.png,c74c03081a97b4276c1ccd49810daf05fb5c1911735e8e0fbe0ddb589630bdad,Files baseline 99951c66928c4da714da8b1dd46039421182cbab; verify package-specific origin,NOASSERTION,REVIEW_REQUIRED,excluded
src/Files.App/Assets/AppTiles/Preview/Square44x44Logo.targetsize-24_altform-lightunplated_theme-light.png,c74c03081a97b4276c1ccd49810daf05fb5c1911735e8e0fbe0ddb589630bdad,Files baseline 99951c66928c4da714da8b1dd46039421182cbab; verify package-specific origin,NOASSERTION,REVIEW_REQUIRED,excluded
src/Files.App/Assets/AppTiles/Preview/Square44x44Logo.targetsize-24_altform-unplated.png,c74c03081a97b4276c1ccd49810daf05fb5c1911735e8e0fbe0ddb589630bdad,Files baseline 99951c66928c4da714da8b1dd46039421182cbab; verify package-specific origin,NOASSERTION,REVIEW_REQUIRED,excluded
src/Files.App/Assets/AppTiles/Preview/Square44x44Logo.targetsize-256.png,fbf8b109d6e77f993b4c8258dc7493bc263414b531b2407eb6020e5199e0da81,Files baseline 99951c66928c4da714da8b1dd46039421182cbab; verify package-specific origin,NOASSERTION,REVIEW_REQUIRED,excluded
src/Files.App/Assets/AppTiles/Preview/Square44x44Logo.targetsize-256_altform-lightunplated_theme-light.png,fbf8b109d6e77f993b4c8258dc7493bc263414b531b2407eb6020e5199e0da81,Files baseline 99951c66928c4da714da8b1dd46039421182cbab; verify package-specific origin,NOASSERTION,REVIEW_REQUIRED,excluded
src/Files.App/Assets/AppTiles/Preview/Square44x44Logo.targetsize-256_altform-unplated.png,fbf8b109d6e77f993b4c8258dc7493bc263414b531b2407eb6020e5199e0da81,Files baseline 99951c66928c4da714da8b1dd46039421182cbab; verify package-specific origin,NOASSERTION,REVIEW_REQUIRED,excluded
src/Files.App/Assets/AppTiles/Preview/Square44x44Logo.targetsize-30.png,d60524a01e18a3f741c01677ace0699e207364a791209385b8a1ebb6cafc070b,Files baseline 99951c66928c4da714da8b1dd46039421182cbab; verify package-specific origin,NOASSERTION,REVIEW_REQUIRED,excluded
src/Files.App/Assets/AppTiles/Preview/Square44x44Logo.targetsize-30_altform-lightunplated_theme-light.png,d60524a01e18a3f741c01677ace0699e207364a791209385b8a1ebb6cafc070b,Files baseline 99951c66928c4da714da8b1dd46039421182cbab; verify package-specific origin,NOASSERTION,REVIEW_REQUIRED,excluded
src/Files.App/Assets/AppTiles/Preview/Square44x44Logo.targetsize-30_altform-unplated.png,d60524a01e18a3f741c01677ace0699e207364a791209385b8a1ebb6cafc070b,Files baseline 99951c66928c4da714da8b1dd46039421182cbab; verify package-specific origin,NOASSERTION,REVIEW_REQUIRED,excluded
src/Files.App/Assets/AppTiles/Preview/Square44x44Logo.targetsize-32.png,7c37593acbc1c957df773d5280a6a112054a35b570339b962a5e611d611a0534,Files baseline 99951c66928c4da714da8b1dd46039421182cbab; verify package-specific origin,NOASSERTION,REVIEW_REQUIRED,excluded
src/Files.App/Assets/AppTiles/Preview/Square44x44Logo.targetsize-32_altform-lightunplated_theme-light.png,7c37593acbc1c957df773d5280a6a112054a35b570339b962a5e611d611a0534,Files baseline 99951c66928c4da714da8b1dd46039421182cbab; verify package-specific origin,NOASSERTION,REVIEW_REQUIRED,excluded
src/Files.App/Assets/AppTiles/Preview/Square44x44Logo.targetsize-32_altform-unplated.png,7c37593acbc1c957df773d5280a6a112054a35b570339b962a5e611d611a0534,Files baseline 99951c66928c4da714da8b1dd46039421182cbab; verify package-specific origin,NOASSERTION,REVIEW_REQUIRED,excluded
src/Files.App/Assets/AppTiles/Preview/Square44x44Logo.targetsize-36.png,12c54ab1ac355c8ef3addb32906c9a2dc180d296042300855a690d54b16db8ee,Files baseline 99951c66928c4da714da8b1dd46039421182cbab; verify package-specific origin,NOASSERTION,REVIEW_REQUIRED,excluded
src/Files.App/Assets/AppTiles/Preview/Square44x44Logo.targetsize-36_altform-lightunplated_theme-light.png,12c54ab1ac355c8ef3addb32906c9a2dc180d296042300855a690d54b16db8ee,Files baseline 99951c66928c4da714da8b1dd46039421182cbab; verify package-specific origin,NOASSERTION,REVIEW_REQUIRED,excluded
src/Files.App/Assets/AppTiles/Preview/Square44x44Logo.targetsize-36_altform-unplated.png,12c54ab1ac355c8ef3addb32906c9a2dc180d296042300855a690d54b16db8ee,Files baseline 99951c66928c4da714da8b1dd46039421182cbab; verify package-specific origin,NOASSERTION,REVIEW_REQUIRED,excluded
src/Files.App/Assets/AppTiles/Preview/Square44x44Logo.targetsize-40.png,4cb26881e0ec02f2555c50499f7e5b78ea7ccf27cba8b6a556a7ee6c3ec4bdf7,Files baseline 99951c66928c4da714da8b1dd46039421182cbab; verify package-specific origin,NOASSERTION,REVIEW_REQUIRED,excluded
src/Files.App/Assets/AppTiles/Preview/Square44x44Logo.targetsize-40_altform-lightunplated_theme-light.png,4cb26881e0ec02f2555c50499f7e5b78ea7ccf27cba8b6a556a7ee6c3ec4bdf7,Files baseline 99951c66928c4da714da8b1dd46039421182cbab; verify package-specific origin,NOASSERTION,REVIEW_REQUIRED,excluded
src/Files.App/Assets/AppTiles/Preview/Square44x44Logo.targetsize-40_altform-unplated.png,4cb26881e0ec02f2555c50499f7e5b78ea7ccf27cba8b6a556a7ee6c3ec4bdf7,Files baseline 99951c66928c4da714da8b1dd46039421182cbab; verify package-specific origin,NOASSERTION,REVIEW_REQUIRED,excluded
src/Files.App/Assets/AppTiles/Preview/Square44x44Logo.targetsize-48.png,6689da9f79308f2080d5af1e66f4ae7ea42db06ca0e73ec6fbc24aac1ae66b5d,Files baseline 99951c66928c4da714da8b1dd46039421182cbab; verify package-specific origin,NOASSERTION,REVIEW_REQUIRED,excluded
src/Files.App/Assets/AppTiles/Preview/Square44x44Logo.targetsize-48_altform-lightunplated_theme-light.png,6689da9f79308f2080d5af1e66f4ae7ea42db06ca0e73ec6fbc24aac1ae66b5d,Files baseline 99951c66928c4da714da8b1dd46039421182cbab; verify package-specific origin,NOASSERTION,REVIEW_REQUIRED,excluded
src/Files.App/Assets/AppTiles/Preview/Square44x44Logo.targetsize-48_altform-unplated.png,6689da9f79308f2080d5af1e66f4ae7ea42db06ca0e73ec6fbc24aac1ae66b5d,Files baseline 99951c66928c4da714da8b1dd46039421182cbab; verify package-specific origin,NOASSERTION,REVIEW_REQUIRED,excluded
src/Files.App/Assets/AppTiles/Preview/Square44x44Logo.targetsize-60.png,84a16ac877f83b2c3e7df20e222b099af6148f77340424e08493dd3e0ad3ece6,Files baseline 99951c66928c4da714da8b1dd46039421182cbab; verify package-specific origin,NOASSERTION,REVIEW_REQUIRED,excluded
src/Files.App/Assets/AppTiles/Preview/Square44x44Logo.targetsize-60_altform-lightunplated_theme-light.png,84a16ac877f83b2c3e7df20e222b099af6148f77340424e08493dd3e0ad3ece6,Files baseline 99951c66928c4da714da8b1dd46039421182cbab; verify package-specific origin,NOASSERTION,REVIEW_REQUIRED,excluded
src/Files.App/Assets/AppTiles/Preview/Square44x44Logo.targetsize-60_altform-unplated.png,84a16ac877f83b2c3e7df20e222b099af6148f77340424e08493dd3e0ad3ece6,Files baseline 99951c66928c4da714da8b1dd46039421182cbab; verify package-specific origin,NOASSERTION,REVIEW_REQUIRED,excluded
src/Files.App/Assets/AppTiles/Preview/Square44x44Logo.targetsize-64.png,a77b3aed0d9e0c6c5a0bc4c562ae3bc6968e38d5c9f507a46f0d38ca12a44794,Files baseline 99951c66928c4da714da8b1dd46039421182cbab; verify package-specific origin,NOASSERTION,REVIEW_REQUIRED,excluded
src/Files.App/Assets/AppTiles/Preview/Square44x44Logo.targetsize-64_altform-lightunplated_theme-light.png,a77b3aed0d9e0c6c5a0bc4c562ae3bc6968e38d5c9f507a46f0d38ca12a44794,Files baseline 99951c66928c4da714da8b1dd46039421182cbab; verify package-specific origin,NOASSERTION,REVIEW_REQUIRED,excluded
src/Files.App/Assets/AppTiles/Preview/Square44x44Logo.targetsize-64_altform-unplated.png,a77b3aed0d9e0c6c5a0bc4c562ae3bc6968e38d5c9f507a46f0d38ca12a44794,Files baseline 99951c66928c4da714da8b1dd46039421182cbab; verify package-specific origin,NOASSERTION,REVIEW_REQUIRED,excluded
src/Files.App/Assets/AppTiles/Preview/Square44x44Logo.targetsize-72.png,54a2baa5ddaf82d049df14973d3cf7037024a5788eb8d501e8f5b6468f4f7290,Files baseline 99951c66928c4da714da8b1dd46039421182cbab; verify package-specific origin,NOASSERTION,REVIEW_REQUIRED,excluded
src/Files.App/Assets/AppTiles/Preview/Square44x44Logo.targetsize-72_altform-lightunplated_theme-light.png,54a2baa5ddaf82d049df14973d3cf7037024a5788eb8d501e8f5b6468f4f7290,Files baseline 99951c66928c4da714da8b1dd46039421182cbab; verify package-specific origin,NOASSERTION,REVIEW_REQUIRED,excluded
src/Files.App/Assets/AppTiles/Preview/Square44x44Logo.targetsize-72_altform-unplated.png,54a2baa5ddaf82d049df14973d3cf7037024a5788eb8d501e8f5b6468f4f7290,Files baseline 99951c66928c4da714da8b1dd46039421182cbab; verify package-specific origin,NOASSERTION,REVIEW_REQUIRED,excluded
src/Files.App/Assets/AppTiles/Preview/Square44x44Logo.targetsize-80.png,f3156f1e23d3ccaa24fb618ccebaf204033415ae3293fb81eb537f4579a2bc02,Files baseline 99951c66928c4da714da8b1dd46039421182cbab; verify package-specific origin,NOASSERTION,REVIEW_REQUIRED,excluded
src/Files.App/Assets/AppTiles/Preview/Square44x44Logo.targetsize-80_altform-lightunplated_theme-light.png,f3156f1e23d3ccaa24fb618ccebaf204033415ae3293fb81eb537f4579a2bc02,Files baseline 99951c66928c4da714da8b1dd46039421182cbab; verify package-specific origin,NOASSERTION,REVIEW_REQUIRED,excluded
src/Files.App/Assets/AppTiles/Preview/Square44x44Logo.targetsize-80_altform-unplated.png,f3156f1e23d3ccaa24fb618ccebaf204033415ae3293fb81eb537f4579a2bc02,Files baseline 99951c66928c4da714da8b1dd46039421182cbab; verify package-specific origin,NOASSERTION,REVIEW_REQUIRED,excluded
src/Files.App/Assets/AppTiles/Preview/Square44x44Logo.targetsize-96.png,c79c176d83cfefd431cabcfe3176c156f9b9a00a5468401280aa058b08d342bd,Files baseline 99951c66928c4da714da8b1dd46039421182cbab; verify package-specific origin,NOASSERTION,REVIEW_REQUIRED,excluded
src/Files.App/Assets/AppTiles/Preview/Square44x44Logo.targetsize-96_altform-lightunplated_theme-light.png,c79c176d83cfefd431cabcfe3176c156f9b9a00a5468401280aa058b08d342bd,Files baseline 99951c66928c4da714da8b1dd46039421182cbab; verify package-specific origin,NOASSERTION,REVIEW_REQUIRED,excluded
src/Files.App/Assets/AppTiles/Preview/Square44x44Logo.targetsize-96_altform-unplated.png,c79c176d83cfefd431cabcfe3176c156f9b9a00a5468401280aa058b08d342bd,Files baseline 99951c66928c4da714da8b1dd46039421182cbab; verify package-specific origin,NOASSERTION,REVIEW_REQUIRED,excluded
src/Files.App/Assets/AppTiles/Preview/StoreLogo.scale-100.png,bffebec66b3df0e859d81b8267d5d1686772f35312dbbe4c8d617a9674cee9c2,Files baseline 99951c66928c4da714da8b1dd46039421182cbab; verify package-specific origin,NOASSERTION,REVIEW_REQUIRED,excluded
src/Files.App/Assets/AppTiles/Preview/StoreLogo.scale-125.png,cdbc87c74094a30ad93c65f2aa86a63f34f0c168d17372961556065667f01477,Files baseline 99951c66928c4da714da8b1dd46039421182cbab; verify package-specific origin,NOASSERTION,REVIEW_REQUIRED,excluded
src/Files.App/Assets/AppTiles/Preview/StoreLogo.scale-150.png,474263a2e0058a89ee00a38d390910abfe63a9c2eb68f5cb72434fa9e0f7a271,Files baseline 99951c66928c4da714da8b1dd46039421182cbab; verify package-specific origin,NOASSERTION,REVIEW_REQUIRED,excluded
src/Files.App/Assets/AppTiles/Preview/StoreLogo.scale-200.png,6b9366e1a831e1024d43c7487c68cd18cefe6230a105df4e31954fb45b0ca1f0,Files baseline 99951c66928c4da714da8b1dd46039421182cbab; verify package-specific origin,NOASSERTION,REVIEW_REQUIRED,excluded
src/Files.App/Assets/AppTiles/Preview/StoreLogo.scale-400.png,4e78d7c2ff385b8b8faa742c87edf389cdf768baea8b8bfff6f887fd0564dd6e,Files baseline 99951c66928c4da714da8b1dd46039421182cbab; verify package-specific origin,NOASSERTION,REVIEW_REQUIRED,excluded
src/Files.App/Assets/AppTiles/Preview/Wide310x150Logo.scale-100.png,103d0ba46a15aceb8af5b440c499988314494903a43ab5b29d30ebfc0d3ae573,Files baseline 99951c66928c4da714da8b1dd46039421182cbab; verify package-specific origin,NOASSERTION,REVIEW_REQUIRED,excluded
src/Files.App/Assets/AppTiles/Preview/Wide310x150Logo.scale-125.png,d8ba046eed9c82083063afdc6bda780126b0e454c1c14655fec4e852666f316d,Files baseline 99951c66928c4da714da8b1dd46039421182cbab; verify package-specific origin,NOASSERTION,REVIEW_REQUIRED,excluded
src/Files.App/Assets/AppTiles/Preview/Wide310x150Logo.scale-150.png,0da3816aff9c3b1464aaae78cae49e55d9ece91693f4c221f3dccee6898d0b8f,Files baseline 99951c66928c4da714da8b1dd46039421182cbab; verify package-specific origin,NOASSERTION,REVIEW_REQUIRED,excluded
src/Files.App/Assets/AppTiles/Preview/Wide310x150Logo.scale-200.png,3fcb8d76a414b5742bbc84577c4dd59637a36c913aefa814a794cfaf6955d6bf,Files baseline 99951c66928c4da714da8b1dd46039421182cbab; verify package-specific origin,NOASSERTION,REVIEW_REQUIRED,excluded
src/Files.App/Assets/AppTiles/Preview/Wide310x150Logo.scale-400.png,83953c0c2ed146d9f1ec93065a07ba4e29e6ab12f3de62fd8608e47fb273b100,Files baseline 99951c66928c4da714da8b1dd46039421182cbab; verify package-specific origin,NOASSERTION,REVIEW_REQUIRED,excluded
src/Files.App/Assets/AppTiles/Preview/contrast-black/BadgeLogo.scale-100_contrast-black.png,dbc69c3e0770745a9f16bf29fa2ced216199425280ee63cf3bce66a44ded95a8,Files baseline 99951c66928c4da714da8b1dd46039421182cbab; verify package-specific origin,NOASSERTION,REVIEW_REQUIRED,excluded
src/Files.App/Assets/AppTiles/Preview/contrast-black/BadgeLogo.scale-125_contrast-black.png,b3496a1a705931b465eb84b4dd03b41ce0c85411c9ad21f0d039b2972c45a4b9,Files baseline 99951c66928c4da714da8b1dd46039421182cbab; verify package-specific origin,NOASSERTION,REVIEW_REQUIRED,excluded
src/Files.App/Assets/AppTiles/Preview/contrast-black/BadgeLogo.scale-150_contrast-black.png,c963f6837757c3947cb2f9fda1b33e4e1f1e130ec29a2c7494f4ea56b5e2c17b,Files baseline 99951c66928c4da714da8b1dd46039421182cbab; verify package-specific origin,NOASSERTION,REVIEW_REQUIRED,excluded
src/Files.App/Assets/AppTiles/Preview/contrast-black/BadgeLogo.scale-200_contrast-black.png,7e3fe1cb26c0547ebbb59ee1a7248df96f429512fbb9f36e70e09581ce2a667c,Files baseline 99951c66928c4da714da8b1dd46039421182cbab; verify package-specific origin,NOASSERTION,REVIEW_REQUIRED,excluded
src/Files.App/Assets/AppTiles/Preview/contrast-black/BadgeLogo.scale-400_contrast-black.png,4d675ec66c0ac34a26595e28a145702b489b4c1b2957293698d897eb7efa16c4,Files baseline 99951c66928c4da714da8b1dd46039421182cbab; verify package-specific origin,NOASSERTION,REVIEW_REQUIRED,excluded
src/Files.App/Assets/AppTiles/Preview/contrast-black/Large310x310Logo.scale-100_contrast-black.png,980d0ec447114665e5f43f51ff8a2569fb7c1c01fbe1a75bde1e12015a0d9d79,Files baseline 99951c66928c4da714da8b1dd46039421182cbab; verify package-specific origin,NOASSERTION,REVIEW_REQUIRED,excluded
src/Files.App/Assets/AppTiles/Preview/contrast-black/Large310x310Logo.scale-125_contrast-black.png,af1319715c8e705d900528f36cb1a23bb35750f367bf93800eb15d503f7b627e,Files baseline 99951c66928c4da714da8b1dd46039421182cbab; verify package-specific origin,NOASSERTION,REVIEW_REQUIRED,excluded
src/Files.App/Assets/AppTiles/Preview/contrast-black/Large310x310Logo.scale-150_contrast-black.png,9d1fca314db87eba0b6fcdfd1a4c33078fe2ee524aad933960b3290b2cff7d1e,Files baseline 99951c66928c4da714da8b1dd46039421182cbab; verify package-specific origin,NOASSERTION,REVIEW_REQUIRED,excluded
src/Files.App/Assets/AppTiles/Preview/contrast-black/Large310x310Logo.scale-200_contrast-black.png,880c1e1b997fdb5d4d7fbca3d5bf6316314ff16d9f6089e30e4c8b4801bffa69,Files baseline 99951c66928c4da714da8b1dd46039421182cbab; verify package-specific origin,NOASSERTION,REVIEW_REQUIRED,excluded
src/Files.App/Assets/AppTiles/Preview/contrast-black/Large310x310Logo.scale-400_contrast-black.png,638ea419805a6279c6feffc5feb49c823bbac67225e85b2f52a63ed2756f82da,Files baseline 99951c66928c4da714da8b1dd46039421182cbab; verify package-specific origin,NOASSERTION,REVIEW_REQUIRED,excluded
src/Files.App/Assets/AppTiles/Preview/contrast-black/Small71x71Logo.scale-100_contrast-black.png,25a9ec8a288dfce20888b269e7d1472241a6534d1b94b6b5eccd7b225e72f9a4,Files baseline 99951c66928c4da714da8b1dd46039421182cbab; verify package-specific origin,NOASSERTION,REVIEW_REQUIRED,excluded
src/Files.App/Assets/AppTiles/Preview/contrast-black/Small71x71Logo.scale-125_contrast-black.png,aacd07c4719789e16b5dab2c0e12b3f05e0f2a3392b1ab2157ef6d9add5623d2,Files baseline 99951c66928c4da714da8b1dd46039421182cbab; verify package-specific origin,NOASSERTION,REVIEW_REQUIRED,excluded
src/Files.App/Assets/AppTiles/Preview/contrast-black/Small71x71Logo.scale-150_contrast-black.png,40c27a1acaa81d5b47cb291eb78eda86f249557aee67e08001e184b06c43df48,Files baseline 99951c66928c4da714da8b1dd46039421182cbab; verify package-specific origin,NOASSERTION,REVIEW_REQUIRED,excluded
src/Files.App/Assets/AppTiles/Preview/contrast-black/Small71x71Logo.scale-200_contrast-black.png,34949d25184c33d662a50936721ead2af066068da4d1535852519bc1e22e4f45,Files baseline 99951c66928c4da714da8b1dd46039421182cbab; verify package-specific origin,NOASSERTION,REVIEW_REQUIRED,excluded
src/Files.App/Assets/AppTiles/Preview/contrast-black/Small71x71Logo.scale-400_contrast-black.png,cd9f10e02899f3e662854d4324cc6eefd88647b5119af34e17bb9868aa742903,Files baseline 99951c66928c4da714da8b1dd46039421182cbab; verify package-specific origin,NOASSERTION,REVIEW_REQUIRED,excluded
src/Files.App/Assets/AppTiles/Preview/contrast-black/SplashScreen.scale-100_contrast-black.png,688f47105af284816e67579f1319f662504f77c20aa3e7b3dc659a733b029259,Files baseline 99951c66928c4da714da8b1dd46039421182cbab; verify package-specific origin,NOASSERTION,REVIEW_REQUIRED,excluded
src/Files.App/Assets/AppTiles/Preview/contrast-black/SplashScreen.scale-125_contrast-black.png,a32890f12aa2e08ee7a815cf3dfe3737cb93bd5aa7a0feea2bae675b55ca220d,Files baseline 99951c66928c4da714da8b1dd46039421182cbab; verify package-specific origin,NOASSERTION,REVIEW_REQUIRED,excluded
src/Files.App/Assets/AppTiles/Preview/contrast-black/SplashScreen.scale-150_contrast-black.png,1303f4e96684a08434f9a87b1b826a2f7f87e9076de15d7c18681d4324fe6d84,Files baseline 99951c66928c4da714da8b1dd46039421182cbab; verify package-specific origin,NOASSERTION,REVIEW_REQUIRED,excluded
src/Files.App/Assets/AppTiles/Preview/contrast-black/SplashScreen.scale-200_contrast-black.png,e2651f61e5ac8e31c899065c845ada8f832141b2086c06f8137cfcd30d6bffc4,Files baseline 99951c66928c4da714da8b1dd46039421182cbab; verify package-specific origin,NOASSERTION,REVIEW_REQUIRED,excluded
src/Files.App/Assets/AppTiles/Preview/contrast-black/SplashScreen.scale-400_contrast-black.png,1083d4bb4ceaaaa91296a1afa4ad0d2db282c3ab385d4241aab5970a09077968,Files baseline 99951c66928c4da714da8b1dd46039421182cbab; verify package-specific origin,NOASSERTION,REVIEW_REQUIRED,excluded
src/Files.App/Assets/AppTiles/Preview/contrast-black/Square150x150Logo.scale-100_contrast-black.png,5349bd2d7438dde8fc94d381a9783f2b5ecd40c5e6787957e5f171b22c42e7e6,Files baseline 99951c66928c4da714da8b1dd46039421182cbab; verify package-specific origin,NOASSERTION,REVIEW_REQUIRED,excluded
src/Files.App/Assets/AppTiles/Preview/contrast-black/Square150x150Logo.scale-125_contrast-black.png,0ac071884aad5fe121d4c146ca46b42f0670d1a5eb036d4f5bd2c9c8d2da8147,Files baseline 99951c66928c4da714da8b1dd46039421182cbab; verify package-specific origin,NOASSERTION,REVIEW_REQUIRED,excluded
src/Files.App/Assets/AppTiles/Preview/contrast-black/Square150x150Logo.scale-150_contrast-black.png,c7005f7e73251547de83ee05807532703ff359dee642052a8a1ebdf69db3128b,Files baseline 99951c66928c4da714da8b1dd46039421182cbab; verify package-specific origin,NOASSERTION,REVIEW_REQUIRED,excluded
src/Files.App/Assets/AppTiles/Preview/contrast-black/Square150x150Logo.scale-200_contrast-black.png,f3ab7cc97e458639669a4dca794e5ec870fb396397e8f925dfd6d9bc69c05111,Files baseline 99951c66928c4da714da8b1dd46039421182cbab; verify package-specific origin,NOASSERTION,REVIEW_REQUIRED,excluded
src/Files.App/Assets/AppTiles/Preview/contrast-black/Square150x150Logo.scale-400_contrast-black.png,2fc1302c28d6215a19142e51d57791dca04273bc2dabc1c2c2537ff08d74423e,Files baseline 99951c66928c4da714da8b1dd46039421182cbab; verify package-specific origin,NOASSERTION,REVIEW_REQUIRED,excluded
src/Files.App/Assets/AppTiles/Preview/contrast-black/Square44x44Logo.scale-100_contrast-black.png,3b367137da22816b9776f242b75a1ea48f607ee0d29ba93366ed206e28e7e9b6,Files baseline 99951c66928c4da714da8b1dd46039421182cbab; verify package-specific origin,NOASSERTION,REVIEW_REQUIRED,excluded
src/Files.App/Assets/AppTiles/Preview/contrast-black/Square44x44Logo.scale-125_contrast-black.png,57259a62ea7728e61004dd7dba204a18bb0ab13be3414cc4acf6e7ed153486de,Files baseline 99951c66928c4da714da8b1dd46039421182cbab; verify package-specific origin,NOASSERTION,REVIEW_REQUIRED,excluded
src/Files.App/Assets/AppTiles/Preview/contrast-black/Square44x44Logo.scale-150_contrast-black.png,02b21a5aa13b2f034963425edb17b7042d57e673571c9c3594e7f5de794e2448,Files baseline 99951c66928c4da714da8b1dd46039421182cbab; verify package-specific origin,NOASSERTION,REVIEW_REQUIRED,excluded
src/Files.App/Assets/AppTiles/Preview/contrast-black/Square44x44Logo.scale-200_contrast-black.png,d1254fd2433e4746c66b8f1194157a30796dea0cb6a415226654774171a58a4b,Files baseline 99951c66928c4da714da8b1dd46039421182cbab; verify package-specific origin,NOASSERTION,REVIEW_REQUIRED,excluded
src/Files.App/Assets/AppTiles/Preview/contrast-black/Square44x44Logo.scale-400_contrast-black.png,0badc244c4c9c631ab302acfb2a252bebb2cab1133f91a3ab12c96d2b37cb337,Files baseline 99951c66928c4da714da8b1dd46039421182cbab; verify package-specific origin,NOASSERTION,REVIEW_REQUIRED,excluded
src/Files.App/Assets/AppTiles/Preview/contrast-black/Square44x44Logo.targetsize-16_altform-lightunplated_contrast-black.png,088adfc0b7a3f4631fa040a047fd0e9cdd8774f98c7c8e7e43226ae064e79bce,Files baseline 99951c66928c4da714da8b1dd46039421182cbab; verify package-specific origin,NOASSERTION,REVIEW_REQUIRED,excluded
src/Files.App/Assets/AppTiles/Preview/contrast-black/Square44x44Logo.targetsize-16_altform-unplated_contrast-black.png,088adfc0b7a3f4631fa040a047fd0e9cdd8774f98c7c8e7e43226ae064e79bce,Files baseline 99951c66928c4da714da8b1dd46039421182cbab; verify package-specific origin,NOASSERTION,REVIEW_REQUIRED,excluded
src/Files.App/Assets/AppTiles/Preview/contrast-black/Square44x44Logo.targetsize-16_contrast-black.png,088adfc0b7a3f4631fa040a047fd0e9cdd8774f98c7c8e7e43226ae064e79bce,Files baseline 99951c66928c4da714da8b1dd46039421182cbab; verify package-specific origin,NOASSERTION,REVIEW_REQUIRED,excluded
src/Files.App/Assets/AppTiles/Preview/contrast-black/Square44x44Logo.targetsize-20_altform-lightunplated_contrast-black.png,41f5f443f00adc9e889b6e5972ad66266aae4056a25c05e9ffa549553747e45a,Files baseline 99951c66928c4da714da8b1dd46039421182cbab; verify package-specific origin,NOASSERTION,REVIEW_REQUIRED,excluded
src/Files.App/Assets/AppTiles/Preview/contrast-black/Square44x44Logo.targetsize-20_altform-unplated_contrast-black.png,41f5f443f00adc9e889b6e5972ad66266aae4056a25c05e9ffa549553747e45a,Files baseline 99951c66928c4da714da8b1dd46039421182cbab; verify package-specific origin,NOASSERTION,REVIEW_REQUIRED,excluded
src/Files.App/Assets/AppTiles/Preview/contrast-black/Square44x44Logo.targetsize-20_contrast-black.png,41f5f443f00adc9e889b6e5972ad66266aae4056a25c05e9ffa549553747e45a,Files baseline 99951c66928c4da714da8b1dd46039421182cbab; verify package-specific origin,NOASSERTION,REVIEW_REQUIRED,excluded
src/Files.App/Assets/AppTiles/Preview/contrast-black/Square44x44Logo.targetsize-24_altform-lightunplated_contrast-black.png,dbc69c3e0770745a9f16bf29fa2ced216199425280ee63cf3bce66a44ded95a8,Files baseline 99951c66928c4da714da8b1dd46039421182cbab; verify package-specific origin,NOASSERTION,REVIEW_REQUIRED,excluded
src/Files.App/Assets/AppTiles/Preview/contrast-black/Square44x44Logo.targetsize-24_altform-unplated_contrast-black.png,dbc69c3e0770745a9f16bf29fa2ced216199425280ee63cf3bce66a44ded95a8,Files baseline 99951c66928c4da714da8b1dd46039421182cbab; verify package-specific origin,NOASSERTION,REVIEW_REQUIRED,excluded
src/Files.App/Assets/AppTiles/Preview/contrast-black/Square44x44Logo.targetsize-24_contrast-black.png,dbc69c3e0770745a9f16bf29fa2ced216199425280ee63cf3bce66a44ded95a8,Files baseline 99951c66928c4da714da8b1dd46039421182cbab; verify package-specific origin,NOASSERTION,REVIEW_REQUIRED,excluded
src/Files.App/Assets/AppTiles/Preview/contrast-black/Square44x44Logo.targetsize-256_altform-lightunplated_contrast-black.png,7df7471755dacfb397576594ec8b0b92cbe98eca71dc26a17af79860e3e3f363,Files baseline 99951c66928c4da714da8b1dd46039421182cbab; verify package-specific origin,NOASSERTION,REVIEW_REQUIRED,excluded
src/Files.App/Assets/AppTiles/Preview/contrast-black/Square44x44Logo.targetsize-256_altform-unplated_contrast-black.png,7df7471755dacfb397576594ec8b0b92cbe98eca71dc26a17af79860e3e3f363,Files baseline 99951c66928c4da714da8b1dd46039421182cbab; verify package-specific origin,NOASSERTION,REVIEW_REQUIRED,excluded
src/Files.App/Assets/AppTiles/Preview/contrast-black/Square44x44Logo.targetsize-256_contrast-black.png,7df7471755dacfb397576594ec8b0b92cbe98eca71dc26a17af79860e3e3f363,Files baseline 99951c66928c4da714da8b1dd46039421182cbab; verify package-specific origin,NOASSERTION,REVIEW_REQUIRED,excluded
src/Files.App/Assets/AppTiles/Preview/contrast-black/Square44x44Logo.targetsize-30_altform-lightunplated_contrast-black.png,993540f88fe7df9061640081bc7e5f22869d6666ac32783c0509923f7d2bbffe,Files baseline 99951c66928c4da714da8b1dd46039421182cbab; verify package-specific origin,NOASSERTION,REVIEW_REQUIRED,excluded
src/Files.App/Assets/AppTiles/Preview/contrast-black/Square44x44Logo.targetsize-30_altform-unplated_contrast-black.png,993540f88fe7df9061640081bc7e5f22869d6666ac32783c0509923f7d2bbffe,Files baseline 99951c66928c4da714da8b1dd46039421182cbab; verify package-specific origin,NOASSERTION,REVIEW_REQUIRED,excluded
src/Files.App/Assets/AppTiles/Preview/contrast-black/Square44x44Logo.targetsize-30_contrast-black.png,993540f88fe7df9061640081bc7e5f22869d6666ac32783c0509923f7d2bbffe,Files baseline 99951c66928c4da714da8b1dd46039421182cbab; verify package-specific origin,NOASSERTION,REVIEW_REQUIRED,excluded
src/Files.App/Assets/AppTiles/Preview/contrast-black/Square44x44Logo.targetsize-32_altform-lightunplated_contrast-black.png,be05d799fccc0eb39bcf766239f04ea76cd51e837602771cecdee567fb090cca,Files baseline 99951c66928c4da714da8b1dd46039421182cbab; verify package-specific origin,NOASSERTION,REVIEW_REQUIRED,excluded
src/Files.App/Assets/AppTiles/Preview/contrast-black/Square44x44Logo.targetsize-32_altform-unplated_contrast-black.png,be05d799fccc0eb39bcf766239f04ea76cd51e837602771cecdee567fb090cca,Files baseline 99951c66928c4da714da8b1dd46039421182cbab; verify package-specific origin,NOASSERTION,REVIEW_REQUIRED,excluded
src/Files.App/Assets/AppTiles/Preview/contrast-black/Square44x44Logo.targetsize-32_contrast-black.png,be05d799fccc0eb39bcf766239f04ea76cd51e837602771cecdee567fb090cca,Files baseline 99951c66928c4da714da8b1dd46039421182cbab; verify package-specific origin,NOASSERTION,REVIEW_REQUIRED,excluded
src/Files.App/Assets/AppTiles/Preview/contrast-black/Square44x44Logo.targetsize-36_altform-lightunplated_contrast-black.png,1853842eb6024ae647a338006968e1d4ee797628cafb40463cef253c40ccd603,Files baseline 99951c66928c4da714da8b1dd46039421182cbab; verify package-specific origin,NOASSERTION,REVIEW_REQUIRED,excluded
src/Files.App/Assets/AppTiles/Preview/contrast-black/Square44x44Logo.targetsize-36_altform-unplated_contrast-black.png,1853842eb6024ae647a338006968e1d4ee797628cafb40463cef253c40ccd603,Files baseline 99951c66928c4da714da8b1dd46039421182cbab; verify package-specific origin,NOASSERTION,REVIEW_REQUIRED,excluded
src/Files.App/Assets/AppTiles/Preview/contrast-black/Square44x44Logo.targetsize-36_contrast-black.png,1853842eb6024ae647a338006968e1d4ee797628cafb40463cef253c40ccd603,Files baseline 99951c66928c4da714da8b1dd46039421182cbab; verify package-specific origin,NOASSERTION,REVIEW_REQUIRED,excluded
src/Files.App/Assets/AppTiles/Preview/contrast-black/Square44x44Logo.targetsize-40_altform-lightunplated_contrast-black.png,156e29402ee5bed944a76521e3d440a037cf0790d1b16477ebcec197c58587e3,Files baseline 99951c66928c4da714da8b1dd46039421182cbab; verify package-specific origin,NOASSERTION,REVIEW_REQUIRED,excluded
src/Files.App/Assets/AppTiles/Preview/contrast-black/Square44x44Logo.targetsize-40_altform-unplated_contrast-black.png,156e29402ee5bed944a76521e3d440a037cf0790d1b16477ebcec197c58587e3,Files baseline 99951c66928c4da714da8b1dd46039421182cbab; verify package-specific origin,NOASSERTION,REVIEW_REQUIRED,excluded
src/Files.App/Assets/AppTiles/Preview/contrast-black/Square44x44Logo.targetsize-40_contrast-black.png,156e29402ee5bed944a76521e3d440a037cf0790d1b16477ebcec197c58587e3,Files baseline 99951c66928c4da714da8b1dd46039421182cbab; verify package-specific origin,NOASSERTION,REVIEW_REQUIRED,excluded
src/Files.App/Assets/AppTiles/Preview/contrast-black/Square44x44Logo.targetsize-48_altform-lightunplated_contrast-black.png,1ab9acf2bbe174e263b9114fcf07f925f5f0f5272214ac524156c2e4d7875d96,Files baseline 99951c66928c4da714da8b1dd46039421182cbab; verify package-specific origin,NOASSERTION,REVIEW_REQUIRED,excluded
src/Files.App/Assets/AppTiles/Preview/contrast-black/Square44x44Logo.targetsize-48_altform-unplated_contrast-black.png,1ab9acf2bbe174e263b9114fcf07f925f5f0f5272214ac524156c2e4d7875d96,Files baseline 99951c66928c4da714da8b1dd46039421182cbab; verify package-specific origin,NOASSERTION,REVIEW_REQUIRED,excluded
src/Files.App/Assets/AppTiles/Preview/contrast-black/Square44x44Logo.targetsize-48_contrast-black.png,1ab9acf2bbe174e263b9114fcf07f925f5f0f5272214ac524156c2e4d7875d96,Files baseline 99951c66928c4da714da8b1dd46039421182cbab; verify package-specific origin,NOASSERTION,REVIEW_REQUIRED,excluded
src/Files.App/Assets/AppTiles/Preview/contrast-black/Square44x44Logo.targetsize-60_altform-lightunplated_contrast-black.png,4cc123aa2c70484976e14a0049ede4ce1a4ea194914c439c20eb5c528e16320d,Files baseline 99951c66928c4da714da8b1dd46039421182cbab; verify package-specific origin,NOASSERTION,REVIEW_REQUIRED,excluded
src/Files.App/Assets/AppTiles/Preview/contrast-black/Square44x44Logo.targetsize-60_altform-unplated_contrast-black.png,4cc123aa2c70484976e14a0049ede4ce1a4ea194914c439c20eb5c528e16320d,Files baseline 99951c66928c4da714da8b1dd46039421182cbab; verify package-specific origin,NOASSERTION,REVIEW_REQUIRED,excluded
src/Files.App/Assets/AppTiles/Preview/contrast-black/Square44x44Logo.targetsize-60_contrast-black.png,4cc123aa2c70484976e14a0049ede4ce1a4ea194914c439c20eb5c528e16320d,Files baseline 99951c66928c4da714da8b1dd46039421182cbab; verify package-specific origin,NOASSERTION,REVIEW_REQUIRED,excluded
src/Files.App/Assets/AppTiles/Preview/contrast-black/Square44x44Logo.targetsize-64_altform-lightunplated_contrast-black.png,833e5a7f7be3df092a0b3b4d04a57b82961caa3788c54e2b08ae00f240c142d7,Files baseline 99951c66928c4da714da8b1dd46039421182cbab; verify package-specific origin,NOASSERTION,REVIEW_REQUIRED,excluded
src/Files.App/Assets/AppTiles/Preview/contrast-black/Square44x44Logo.targetsize-64_altform-unplated_contrast-black.png,833e5a7f7be3df092a0b3b4d04a57b82961caa3788c54e2b08ae00f240c142d7,Files baseline 99951c66928c4da714da8b1dd46039421182cbab; verify package-specific origin,NOASSERTION,REVIEW_REQUIRED,excluded
src/Files.App/Assets/AppTiles/Preview/contrast-black/Square44x44Logo.targetsize-64_contrast-black.png,833e5a7f7be3df092a0b3b4d04a57b82961caa3788c54e2b08ae00f240c142d7,Files baseline 99951c66928c4da714da8b1dd46039421182cbab; verify package-specific origin,NOASSERTION,REVIEW_REQUIRED,excluded
src/Files.App/Assets/AppTiles/Preview/contrast-black/Square44x44Logo.targetsize-72_altform-lightunplated_contrast-black.png,0c09308c06d8c3e7bc0548cd75360ce414f52a84a666c82961bbb5f45af14ff6,Files baseline 99951c66928c4da714da8b1dd46039421182cbab; verify package-specific origin,NOASSERTION,REVIEW_REQUIRED,excluded
src/Files.App/Assets/AppTiles/Preview/contrast-black/Square44x44Logo.targetsize-72_altform-unplated_contrast-black.png,0c09308c06d8c3e7bc0548cd75360ce414f52a84a666c82961bbb5f45af14ff6,Files baseline 99951c66928c4da714da8b1dd46039421182cbab; verify package-specific origin,NOASSERTION,REVIEW_REQUIRED,excluded
src/Files.App/Assets/AppTiles/Preview/contrast-black/Square44x44Logo.targetsize-72_contrast-black.png,0c09308c06d8c3e7bc0548cd75360ce414f52a84a666c82961bbb5f45af14ff6,Files baseline 99951c66928c4da714da8b1dd46039421182cbab; verify package-specific origin,NOASSERTION,REVIEW_REQUIRED,excluded
src/Files.App/Assets/AppTiles/Preview/contrast-black/Square44x44Logo.targetsize-80_altform-lightunplated_contrast-black.png,1a91d67408522ebaec52c8d614af4e1e843cdd0ca9a296fa6dae4b451643ad57,Files baseline 99951c66928c4da714da8b1dd46039421182cbab; verify package-specific origin,NOASSERTION,REVIEW_REQUIRED,excluded
src/Files.App/Assets/AppTiles/Preview/contrast-black/Square44x44Logo.targetsize-80_altform-unplated_contrast-black.png,1a91d67408522ebaec52c8d614af4e1e843cdd0ca9a296fa6dae4b451643ad57,Files baseline 99951c66928c4da714da8b1dd46039421182cbab; verify package-specific origin,NOASSERTION,REVIEW_REQUIRED,excluded
src/Files.App/Assets/AppTiles/Preview/contrast-black/Square44x44Logo.targetsize-80_contrast-black.png,1a91d67408522ebaec52c8d614af4e1e843cdd0ca9a296fa6dae4b451643ad57,Files baseline 99951c66928c4da714da8b1dd46039421182cbab; verify package-specific origin,NOASSERTION,REVIEW_REQUIRED,excluded
src/Files.App/Assets/AppTiles/Preview/contrast-black/Square44x44Logo.targetsize-96_altform-lightunplated_contrast-black.png,1c32b40462ac0ef967be5a8d8d3886efaa476d3072d827d203c2adb46c1fe29d,Files baseline 99951c66928c4da714da8b1dd46039421182cbab; verify package-specific origin,NOASSERTION,REVIEW_REQUIRED,excluded
src/Files.App/Assets/AppTiles/Preview/contrast-black/Square44x44Logo.targetsize-96_altform-unplated_contrast-black.png,1c32b40462ac0ef967be5a8d8d3886efaa476d3072d827d203c2adb46c1fe29d,Files baseline 99951c66928c4da714da8b1dd46039421182cbab; verify package-specific origin,NOASSERTION,REVIEW_REQUIRED,excluded
src/Files.App/Assets/AppTiles/Preview/contrast-black/Square44x44Logo.targetsize-96_contrast-black.png,1c32b40462ac0ef967be5a8d8d3886efaa476d3072d827d203c2adb46c1fe29d,Files baseline 99951c66928c4da714da8b1dd46039421182cbab; verify package-specific origin,NOASSERTION,REVIEW_REQUIRED,excluded
src/Files.App/Assets/AppTiles/Preview/contrast-black/StoreLogo.scale-100_contrast-black.png,243e45f96bba77382061eb9dfd172e330dddad27512e399e89d147d90fb290be,Files baseline 99951c66928c4da714da8b1dd46039421182cbab; verify package-specific origin,NOASSERTION,REVIEW_REQUIRED,excluded
src/Files.App/Assets/AppTiles/Preview/contrast-black/StoreLogo.scale-125_contrast-black.png,38a9bb6b2b4a1b1a8fc768275012b42e5c2b999b4439c800ebe55255cf978f44,Files baseline 99951c66928c4da714da8b1dd46039421182cbab; verify package-specific origin,NOASSERTION,REVIEW_REQUIRED,excluded
src/Files.App/Assets/AppTiles/Preview/contrast-black/StoreLogo.scale-150_contrast-black.png,f2d06112a54b1373fb28ed93345565dd163b01dc4437bc83cf4b434f21ab480b,Files baseline 99951c66928c4da714da8b1dd46039421182cbab; verify package-specific origin,NOASSERTION,REVIEW_REQUIRED,excluded
src/Files.App/Assets/AppTiles/Preview/contrast-black/StoreLogo.scale-200_contrast-black.png,5f5e20b675d5823df83c5d40d1faef85d0669e72ea594f3e17cd2882a5fdcc9d,Files baseline 99951c66928c4da714da8b1dd46039421182cbab; verify package-specific origin,NOASSERTION,REVIEW_REQUIRED,excluded
src/Files.App/Assets/AppTiles/Preview/contrast-black/StoreLogo.scale-400_contrast-black.png,ef2a847b4f44dd41662dad9ec4177994e892ee28d525d08d785a6893402385ee,Files baseline 99951c66928c4da714da8b1dd46039421182cbab; verify package-specific origin,NOASSERTION,REVIEW_REQUIRED,excluded
src/Files.App/Assets/AppTiles/Preview/contrast-black/Wide310x150Logo.scale-100_contrast-black.png,0c21df601293bec39473d4a995fb441816b949bd3d9f345314b51c33530e4a78,Files baseline 99951c66928c4da714da8b1dd46039421182cbab; verify package-specific origin,NOASSERTION,REVIEW_REQUIRED,excluded
src/Files.App/Assets/AppTiles/Preview/contrast-black/Wide310x150Logo.scale-125_contrast-black.png,9e4b7cc477f44da9afc30693bc80e10aad215ac380bc396043da5d0a121e2ab2,Files baseline 99951c66928c4da714da8b1dd46039421182cbab; verify package-specific origin,NOASSERTION,REVIEW_REQUIRED,excluded
src/Files.App/Assets/AppTiles/Preview/contrast-black/Wide310x150Logo.scale-150_contrast-black.png,3ad78ed71248e4f80b6ce9c2e8d6d519ab652c491543b0e9a2b724ff0488014c,Files baseline 99951c66928c4da714da8b1dd46039421182cbab; verify package-specific origin,NOASSERTION,REVIEW_REQUIRED,excluded
src/Files.App/Assets/AppTiles/Preview/contrast-black/Wide310x150Logo.scale-200_contrast-black.png,6ebf7be54e822d7ebf0ed2f02239b04749741cc310bac4722b089bc8f755dc63,Files baseline 99951c66928c4da714da8b1dd46039421182cbab; verify package-specific origin,NOASSERTION,REVIEW_REQUIRED,excluded
src/Files.App/Assets/AppTiles/Preview/contrast-black/Wide310x150Logo.scale-400_contrast-black.png,d509dd7e39e2f07c09188761559cd9fbc08e9509bcdc15804164759436525c8f,Files baseline 99951c66928c4da714da8b1dd46039421182cbab; verify package-specific origin,NOASSERTION,REVIEW_REQUIRED,excluded
src/Files.App/Assets/AppTiles/Preview/contrast-white/BadgeLogo.scale-100_contrast-white.png,a6b32d6219862ca39dd9814cfe4f31b1328f8ef442322d16a873faf1111a1d29,Files baseline 99951c66928c4da714da8b1dd46039421182cbab; verify package-specific origin,NOASSERTION,REVIEW_REQUIRED,excluded
src/Files.App/Assets/AppTiles/Preview/contrast-white/BadgeLogo.scale-125_contrast-white.png,ec04d4503a4a55a84700e6e1709efd091fb34d2354153bc58ed61b2c7e1d1601,Files baseline 99951c66928c4da714da8b1dd46039421182cbab; verify package-specific origin,NOASSERTION,REVIEW_REQUIRED,excluded
src/Files.App/Assets/AppTiles/Preview/contrast-white/BadgeLogo.scale-150_contrast-white.png,5760614f0729b42895cd9c4f2062d0ccfacc1ca1096f65f8c45964b54598e7cb,Files baseline 99951c66928c4da714da8b1dd46039421182cbab; verify package-specific origin,NOASSERTION,REVIEW_REQUIRED,excluded
src/Files.App/Assets/AppTiles/Preview/contrast-white/BadgeLogo.scale-200_contrast-white.png,42c30a5957e1d4a277eaa4e026616a360b20bf9a19cce0b46a9f9669a41f40d0,Files baseline 99951c66928c4da714da8b1dd46039421182cbab; verify package-specific origin,NOASSERTION,REVIEW_REQUIRED,excluded
src/Files.App/Assets/AppTiles/Preview/contrast-white/BadgeLogo.scale-400_contrast-white.png,4db7c3d012ea95ace910def059c7eee4eef4768f392812d452ada275b26cb159,Files baseline 99951c66928c4da714da8b1dd46039421182cbab; verify package-specific origin,NOASSERTION,REVIEW_REQUIRED,excluded
src/Files.App/Assets/AppTiles/Preview/contrast-white/Large310x310Logo.scale-100_contrast-white.png,5cf5a997bc880631152964545a4a7072151e51ca194acd028ed0881aa5a2f1c1,Files baseline 99951c66928c4da714da8b1dd46039421182cbab; verify package-specific origin,NOASSERTION,REVIEW_REQUIRED,excluded
src/Files.App/Assets/AppTiles/Preview/contrast-white/Large310x310Logo.scale-125_contrast-white.png,d0a524b14a146e5b41b26936e247bd1d9e0bd748a6bac597d18e534501369ab9,Files baseline 99951c66928c4da714da8b1dd46039421182cbab; verify package-specific origin,NOASSERTION,REVIEW_REQUIRED,excluded
src/Files.App/Assets/AppTiles/Preview/contrast-white/Large310x310Logo.scale-150_contrast-white.png,275a6811dacbbfa7cb10d25384e7463e3ca0ecea83e474b137a082f233aa1743,Files baseline 99951c66928c4da714da8b1dd46039421182cbab; verify package-specific origin,NOASSERTION,REVIEW_REQUIRED,excluded
src/Files.App/Assets/AppTiles/Preview/contrast-white/Large310x310Logo.scale-200_contrast-white.png,42ee634b2764573ac48d36fd516b6d4517977e16d9e239612c5f2b689bfe6baa,Files baseline 99951c66928c4da714da8b1dd46039421182cbab; verify package-specific origin,NOASSERTION,REVIEW_REQUIRED,excluded
src/Files.App/Assets/AppTiles/Preview/contrast-white/Large310x310Logo.scale-400_contrast-white.png,113dd62a650bd6e4e161ce0406ce3b44b6ecd5f2a55752b8eaf507173433a4c3,Files baseline 99951c66928c4da714da8b1dd46039421182cbab; verify package-specific origin,NOASSERTION,REVIEW_REQUIRED,excluded
src/Files.App/Assets/AppTiles/Preview/contrast-white/Small71x71Logo.scale-100_contrast-white.png,e9986d9c6165a1b840945343c8cf3f89442bdc9a521651830aa64cafc45b03ae,Files baseline 99951c66928c4da714da8b1dd46039421182cbab; verify package-specific origin,NOASSERTION,REVIEW_REQUIRED,excluded
src/Files.App/Assets/AppTiles/Preview/contrast-white/Small71x71Logo.scale-125_contrast-white.png,3d82d5ab934c0f07300ed31fbd36b3da39c4507d0d944b83a223cd5be0e4ec53,Files baseline 99951c66928c4da714da8b1dd46039421182cbab; verify package-specific origin,NOASSERTION,REVIEW_REQUIRED,excluded
src/Files.App/Assets/AppTiles/Preview/contrast-white/Small71x71Logo.scale-150_contrast-white.png,8301b420a49e30c04e45df6affdce1883ca4708b4afa55907591f0c910a11214,Files baseline 99951c66928c4da714da8b1dd46039421182cbab; verify package-specific origin,NOASSERTION,REVIEW_REQUIRED,excluded
src/Files.App/Assets/AppTiles/Preview/contrast-white/Small71x71Logo.scale-200_contrast-white.png,0f32046d20c1ed71bf0774fabf3a95fb1a7a29d969340dce979217f1a24493b9,Files baseline 99951c66928c4da714da8b1dd46039421182cbab; verify package-specific origin,NOASSERTION,REVIEW_REQUIRED,excluded
src/Files.App/Assets/AppTiles/Preview/contrast-white/Small71x71Logo.scale-400_contrast-white.png,5e3f5f900c3e3b5d6719ee06d48d980746553aa1ba851c6d8b3472960c3f0a4f,Files baseline 99951c66928c4da714da8b1dd46039421182cbab; verify package-specific origin,NOASSERTION,REVIEW_REQUIRED,excluded
src/Files.App/Assets/AppTiles/Preview/contrast-white/SplashScreen.scale-100_contrast-white.png,068b9f05a672c18cbacc794a6e8605bb722533f18f9c8c9aa157632c5724b1ed,Files baseline 99951c66928c4da714da8b1dd46039421182cbab; verify package-specific origin,NOASSERTION,REVIEW_REQUIRED,excluded
src/Files.App/Assets/AppTiles/Preview/contrast-white/SplashScreen.scale-125_contrast-white.png,9bd874802f322e386553a2ac3a6753a9006cb0a528908e3494ef68e25e4c07e6,Files baseline 99951c66928c4da714da8b1dd46039421182cbab; verify package-specific origin,NOASSERTION,REVIEW_REQUIRED,excluded
src/Files.App/Assets/AppTiles/Preview/contrast-white/SplashScreen.scale-150_contrast-white.png,feb2553d6a67980a5fb2be9ce97aaba089292946997bde5e000954678c819e89,Files baseline 99951c66928c4da714da8b1dd46039421182cbab; verify package-specific origin,NOASSERTION,REVIEW_REQUIRED,excluded
src/Files.App/Assets/AppTiles/Preview/contrast-white/SplashScreen.scale-200_contrast-white.png,70e078b2a465e54b453cb73bf387b11f83b8d67546fd8501994d53ed21f90a18,Files baseline 99951c66928c4da714da8b1dd46039421182cbab; verify package-specific origin,NOASSERTION,REVIEW_REQUIRED,excluded
src/Files.App/Assets/AppTiles/Preview/contrast-white/SplashScreen.scale-400_contrast-white.png,d2c15e192ca08fef5b7060ad3423e4c5af50a6d9c03426171255e310b29cd676,Files baseline 99951c66928c4da714da8b1dd46039421182cbab; verify package-specific origin,NOASSERTION,REVIEW_REQUIRED,excluded
src/Files.App/Assets/AppTiles/Preview/contrast-white/Square150x150Logo.scale-100_contrast-white.png,0c3d1783e5dfb99b835cf283954bb68de2e37e7e8416fe3fbacc631e327c0fbb,Files baseline 99951c66928c4da714da8b1dd46039421182cbab; verify package-specific origin,NOASSERTION,REVIEW_REQUIRED,excluded
src/Files.App/Assets/AppTiles/Preview/contrast-white/Square150x150Logo.scale-125_contrast-white.png,239aceb6a99bf12e7438a3385ac612a77eb384e320b3a63dca53f8f887ee8179,Files baseline 99951c66928c4da714da8b1dd46039421182cbab; verify package-specific origin,NOASSERTION,REVIEW_REQUIRED,excluded
src/Files.App/Assets/AppTiles/Preview/contrast-white/Square150x150Logo.scale-150_contrast-white.png,522ecd991187287067093fac740ca11968ef321d24aae0082a62dcb8bcc7353a,Files baseline 99951c66928c4da714da8b1dd46039421182cbab; verify package-specific origin,NOASSERTION,REVIEW_REQUIRED,excluded
src/Files.App/Assets/AppTiles/Preview/contrast-white/Square150x150Logo.scale-200_contrast-white.png,55206b86e114401733ec12dc24dafb7043ff82fee226a0d9ffccc375592c8d33,Files baseline 99951c66928c4da714da8b1dd46039421182cbab; verify package-specific origin,NOASSERTION,REVIEW_REQUIRED,excluded
src/Files.App/Assets/AppTiles/Preview/contrast-white/Square150x150Logo.scale-400_contrast-white.png,a2d4124538ce0733fab18044a14325c95d0824be6fbe50ac49f48ca0f02ef3ed,Files baseline 99951c66928c4da714da8b1dd46039421182cbab; verify package-specific origin,NOASSERTION,REVIEW_REQUIRED,excluded
src/Files.App/Assets/AppTiles/Preview/contrast-white/Square44x44Logo.scale-100_contrast-white.png,d07a53265cd3f7cf8d625fa8146de69858d85cc39055ee727420adc61817af85,Files baseline 99951c66928c4da714da8b1dd46039421182cbab; verify package-specific origin,NOASSERTION,REVIEW_REQUIRED,excluded
src/Files.App/Assets/AppTiles/Preview/contrast-white/Square44x44Logo.scale-125_contrast-white.png,9974ee6e662ca812cccb825de02f10b0591eb5ee40cd61480f14c6f5ecf477f5,Files baseline 99951c66928c4da714da8b1dd46039421182cbab; verify package-specific origin,NOASSERTION,REVIEW_REQUIRED,excluded
src/Files.App/Assets/AppTiles/Preview/contrast-white/Square44x44Logo.scale-150_contrast-white.png,8216c24aa0f3c0dde2721e4f67e57089e9e00fad138897ac041b7d8079bf0f88,Files baseline 99951c66928c4da714da8b1dd46039421182cbab; verify package-specific origin,NOASSERTION,REVIEW_REQUIRED,excluded
src/Files.App/Assets/AppTiles/Preview/contrast-white/Square44x44Logo.scale-200_contrast-white.png,eb760686549dc388bb123d62ec3a4ec7d75aebf667aad9430c7707c4a577a399,Files baseline 99951c66928c4da714da8b1dd46039421182cbab; verify package-specific origin,NOASSERTION,REVIEW_REQUIRED,excluded
src/Files.App/Assets/AppTiles/Preview/contrast-white/Square44x44Logo.scale-400_contrast-white.png,c59116f3ad81cce52e39e8f0ad0a4151331137c93372b844b48582e711287c53,Files baseline 99951c66928c4da714da8b1dd46039421182cbab; verify package-specific origin,NOASSERTION,REVIEW_REQUIRED,excluded
src/Files.App/Assets/AppTiles/Preview/contrast-white/Square44x44Logo.targetsize-16_altform-lightunplated_contrast-white.png,a2c6195e58a52d5d3c8d100c055c615498fc7f62b6cf37df18af14e85ff1e6bb,Files baseline 99951c66928c4da714da8b1dd46039421182cbab; verify package-specific origin,NOASSERTION,REVIEW_REQUIRED,excluded
src/Files.App/Assets/AppTiles/Preview/contrast-white/Square44x44Logo.targetsize-16_altform-unplated_contrast-white.png,a2c6195e58a52d5d3c8d100c055c615498fc7f62b6cf37df18af14e85ff1e6bb,Files baseline 99951c66928c4da714da8b1dd46039421182cbab; verify package-specific origin,NOASSERTION,REVIEW_REQUIRED,excluded
src/Files.App/Assets/AppTiles/Preview/contrast-white/Square44x44Logo.targetsize-16_contrast-white.png,a2c6195e58a52d5d3c8d100c055c615498fc7f62b6cf37df18af14e85ff1e6bb,Files baseline 99951c66928c4da714da8b1dd46039421182cbab; verify package-specific origin,NOASSERTION,REVIEW_REQUIRED,excluded
src/Files.App/Assets/AppTiles/Preview/contrast-white/Square44x44Logo.targetsize-20_altform-lightunplated_contrast-white.png,0e219d6b778dea5adc05cf875c9ca528fc2c54b99edb93c70d2cfe1027bc8d3d,Files baseline 99951c66928c4da714da8b1dd46039421182cbab; verify package-specific origin,NOASSERTION,REVIEW_REQUIRED,excluded
src/Files.App/Assets/AppTiles/Preview/contrast-white/Square44x44Logo.targetsize-20_altform-unplated_contrast-white.png,0e219d6b778dea5adc05cf875c9ca528fc2c54b99edb93c70d2cfe1027bc8d3d,Files baseline 99951c66928c4da714da8b1dd46039421182cbab; verify package-specific origin,NOASSERTION,REVIEW_REQUIRED,excluded
src/Files.App/Assets/AppTiles/Preview/contrast-white/Square44x44Logo.targetsize-20_contrast-white.png,0e219d6b778dea5adc05cf875c9ca528fc2c54b99edb93c70d2cfe1027bc8d3d,Files baseline 99951c66928c4da714da8b1dd46039421182cbab; verify package-specific origin,NOASSERTION,REVIEW_REQUIRED,excluded
src/Files.App/Assets/AppTiles/Preview/contrast-white/Square44x44Logo.targetsize-24_altform-lightunplated_contrast-white.png,a6b32d6219862ca39dd9814cfe4f31b1328f8ef442322d16a873faf1111a1d29,Files baseline 99951c66928c4da714da8b1dd46039421182cbab; verify package-specific origin,NOASSERTION,REVIEW_REQUIRED,excluded
src/Files.App/Assets/AppTiles/Preview/contrast-white/Square44x44Logo.targetsize-24_altform-unplated_contrast-white.png,a6b32d6219862ca39dd9814cfe4f31b1328f8ef442322d16a873faf1111a1d29,Files baseline 99951c66928c4da714da8b1dd46039421182cbab; verify package-specific origin,NOASSERTION,REVIEW_REQUIRED,excluded
src/Files.App/Assets/AppTiles/Preview/contrast-white/Square44x44Logo.targetsize-24_contrast-white.png,a6b32d6219862ca39dd9814cfe4f31b1328f8ef442322d16a873faf1111a1d29,Files baseline 99951c66928c4da714da8b1dd46039421182cbab; verify package-specific origin,NOASSERTION,REVIEW_REQUIRED,excluded
src/Files.App/Assets/AppTiles/Preview/contrast-white/Square44x44Logo.targetsize-256_altform-lightunplated_contrast-white.png,86a92ecee9d50f2bf0c38baaefd29a11f7bbc1b85ec5da1c106f2cf41ac567f1,Files baseline 99951c66928c4da714da8b1dd46039421182cbab; verify package-specific origin,NOASSERTION,REVIEW_REQUIRED,excluded
src/Files.App/Assets/AppTiles/Preview/contrast-white/Square44x44Logo.targetsize-256_altform-unplated_contrast-white.png,86a92ecee9d50f2bf0c38baaefd29a11f7bbc1b85ec5da1c106f2cf41ac567f1,Files baseline 99951c66928c4da714da8b1dd46039421182cbab; verify package-specific origin,NOASSERTION,REVIEW_REQUIRED,excluded
src/Files.App/Assets/AppTiles/Preview/contrast-white/Square44x44Logo.targetsize-256_contrast-white.png,86a92ecee9d50f2bf0c38baaefd29a11f7bbc1b85ec5da1c106f2cf41ac567f1,Files baseline 99951c66928c4da714da8b1dd46039421182cbab; verify package-specific origin,NOASSERTION,REVIEW_REQUIRED,excluded
src/Files.App/Assets/AppTiles/Preview/contrast-white/Square44x44Logo.targetsize-30_altform-lightunplated_contrast-white.png,0d3b2824c36614d494f72797c9cd0e9b938851927c4d976fc60cd99dfd9d6d11,Files baseline 99951c66928c4da714da8b1dd46039421182cbab; verify package-specific origin,NOASSERTION,REVIEW_REQUIRED,excluded
src/Files.App/Assets/AppTiles/Preview/contrast-white/Square44x44Logo.targetsize-30_altform-unplated_contrast-white.png,0d3b2824c36614d494f72797c9cd0e9b938851927c4d976fc60cd99dfd9d6d11,Files baseline 99951c66928c4da714da8b1dd46039421182cbab; verify package-specific origin,NOASSERTION,REVIEW_REQUIRED,excluded
src/Files.App/Assets/AppTiles/Preview/contrast-white/Square44x44Logo.targetsize-30_contrast-white.png,0d3b2824c36614d494f72797c9cd0e9b938851927c4d976fc60cd99dfd9d6d11,Files baseline 99951c66928c4da714da8b1dd46039421182cbab; verify package-specific origin,NOASSERTION,REVIEW_REQUIRED,excluded
src/Files.App/Assets/AppTiles/Preview/contrast-white/Square44x44Logo.targetsize-32_altform-lightunplated_contrast-white.png,209f37bccf158392cd5962a243d6aa8c7f4a007134e953a37880c37beb311da2,Files baseline 99951c66928c4da714da8b1dd46039421182cbab; verify package-specific origin,NOASSERTION,REVIEW_REQUIRED,excluded
src/Files.App/Assets/AppTiles/Preview/contrast-white/Square44x44Logo.targetsize-32_altform-unplated_contrast-white.png,209f37bccf158392cd5962a243d6aa8c7f4a007134e953a37880c37beb311da2,Files baseline 99951c66928c4da714da8b1dd46039421182cbab; verify package-specific origin,NOASSERTION,REVIEW_REQUIRED,excluded
src/Files.App/Assets/AppTiles/Preview/contrast-white/Square44x44Logo.targetsize-32_contrast-white.png,209f37bccf158392cd5962a243d6aa8c7f4a007134e953a37880c37beb311da2,Files baseline 99951c66928c4da714da8b1dd46039421182cbab; verify package-specific origin,NOASSERTION,REVIEW_REQUIRED,excluded
src/Files.App/Assets/AppTiles/Preview/contrast-white/Square44x44Logo.targetsize-36_altform-lightunplated_contrast-white.png,63eda801ef3587f5ec7a8d0a04cb3fc4064b0eb331b312b484e7a46cc3d7e830,Files baseline 99951c66928c4da714da8b1dd46039421182cbab; verify package-specific origin,NOASSERTION,REVIEW_REQUIRED,excluded
src/Files.App/Assets/AppTiles/Preview/contrast-white/Square44x44Logo.targetsize-36_altform-unplated_contrast-white.png,63eda801ef3587f5ec7a8d0a04cb3fc4064b0eb331b312b484e7a46cc3d7e830,Files baseline 99951c66928c4da714da8b1dd46039421182cbab; verify package-specific origin,NOASSERTION,REVIEW_REQUIRED,excluded
src/Files.App/Assets/AppTiles/Preview/contrast-white/Square44x44Logo.targetsize-36_contrast-white.png,63eda801ef3587f5ec7a8d0a04cb3fc4064b0eb331b312b484e7a46cc3d7e830,Files baseline 99951c66928c4da714da8b1dd46039421182cbab; verify package-specific origin,NOASSERTION,REVIEW_REQUIRED,excluded
src/Files.App/Assets/AppTiles/Preview/contrast-white/Square44x44Logo.targetsize-40_altform-lightunplated_contrast-white.png,8a223124533536f11b0480e6393990d59aa7db5fc8632d420bec9a63471350de,Files baseline 99951c66928c4da714da8b1dd46039421182cbab; verify package-specific origin,NOASSERTION,REVIEW_REQUIRED,excluded
src/Files.App/Assets/AppTiles/Preview/contrast-white/Square44x44Logo.targetsize-40_altform-unplated_contrast-white.png,8a223124533536f11b0480e6393990d59aa7db5fc8632d420bec9a63471350de,Files baseline 99951c66928c4da714da8b1dd46039421182cbab; verify package-specific origin,NOASSERTION,REVIEW_REQUIRED,excluded
src/Files.App/Assets/AppTiles/Preview/contrast-white/Square44x44Logo.targetsize-40_contrast-white.png,8a223124533536f11b0480e6393990d59aa7db5fc8632d420bec9a63471350de,Files baseline 99951c66928c4da714da8b1dd46039421182cbab; verify package-specific origin,NOASSERTION,REVIEW_REQUIRED,excluded
src/Files.App/Assets/AppTiles/Preview/contrast-white/Square44x44Logo.targetsize-48_altform-lightunplated_contrast-white.png,82c89314d55752ab9458c1e7480806498dbd0971a4c6d7cbe1a79498aca5ffea,Files baseline 99951c66928c4da714da8b1dd46039421182cbab; verify package-specific origin,NOASSERTION,REVIEW_REQUIRED,excluded
src/Files.App/Assets/AppTiles/Preview/contrast-white/Square44x44Logo.targetsize-48_altform-unplated_contrast-white.png,82c89314d55752ab9458c1e7480806498dbd0971a4c6d7cbe1a79498aca5ffea,Files baseline 99951c66928c4da714da8b1dd46039421182cbab; verify package-specific origin,NOASSERTION,REVIEW_REQUIRED,excluded
src/Files.App/Assets/AppTiles/Preview/contrast-white/Square44x44Logo.targetsize-48_contrast-white.png,82c89314d55752ab9458c1e7480806498dbd0971a4c6d7cbe1a79498aca5ffea,Files baseline 99951c66928c4da714da8b1dd46039421182cbab; verify package-specific origin,NOASSERTION,REVIEW_REQUIRED,excluded
src/Files.App/Assets/AppTiles/Preview/contrast-white/Square44x44Logo.targetsize-60_altform-lightunplated_contrast-white.png,1e072bb8d47ae0a5f21d5c64a02e210b04230bb142a2401f378a610be77e6b20,Files baseline 99951c66928c4da714da8b1dd46039421182cbab; verify package-specific origin,NOASSERTION,REVIEW_REQUIRED,excluded
src/Files.App/Assets/AppTiles/Preview/contrast-white/Square44x44Logo.targetsize-60_altform-unplated_contrast-white.png,1e072bb8d47ae0a5f21d5c64a02e210b04230bb142a2401f378a610be77e6b20,Files baseline 99951c66928c4da714da8b1dd46039421182cbab; verify package-specific origin,NOASSERTION,REVIEW_REQUIRED,excluded
src/Files.App/Assets/AppTiles/Preview/contrast-white/Square44x44Logo.targetsize-60_contrast-white.png,1e072bb8d47ae0a5f21d5c64a02e210b04230bb142a2401f378a610be77e6b20,Files baseline 99951c66928c4da714da8b1dd46039421182cbab; verify package-specific origin,NOASSERTION,REVIEW_REQUIRED,excluded
src/Files.App/Assets/AppTiles/Preview/contrast-white/Square44x44Logo.targetsize-64_altform-lightunplated_contrast-white.png,dcf478d40370aed7ca18b99c25c528b30a7bb7bc541e25e13150a0bd9c1f79ae,Files baseline 99951c66928c4da714da8b1dd46039421182cbab; verify package-specific origin,NOASSERTION,REVIEW_REQUIRED,excluded
src/Files.App/Assets/AppTiles/Preview/contrast-white/Square44x44Logo.targetsize-64_altform-unplated_contrast-white.png,dcf478d40370aed7ca18b99c25c528b30a7bb7bc541e25e13150a0bd9c1f79ae,Files baseline 99951c66928c4da714da8b1dd46039421182cbab; verify package-specific origin,NOASSERTION,REVIEW_REQUIRED,excluded
src/Files.App/Assets/AppTiles/Preview/contrast-white/Square44x44Logo.targetsize-64_contrast-white.png,dcf478d40370aed7ca18b99c25c528b30a7bb7bc541e25e13150a0bd9c1f79ae,Files baseline 99951c66928c4da714da8b1dd46039421182cbab; verify package-specific origin,NOASSERTION,REVIEW_REQUIRED,excluded
src/Files.App/Assets/AppTiles/Preview/contrast-white/Square44x44Logo.targetsize-72_altform-lightunplated_contrast-white.png,e8bbd100d92313baa17fda60b3a121bf56fda79888c07b588711e1b7be18045f,Files baseline 99951c66928c4da714da8b1dd46039421182cbab; verify package-specific origin,NOASSERTION,REVIEW_REQUIRED,excluded
src/Files.App/Assets/AppTiles/Preview/contrast-white/Square44x44Logo.targetsize-72_altform-unplated_contrast-white.png,e8bbd100d92313baa17fda60b3a121bf56fda79888c07b588711e1b7be18045f,Files baseline 99951c66928c4da714da8b1dd46039421182cbab; verify package-specific origin,NOASSERTION,REVIEW_REQUIRED,excluded
src/Files.App/Assets/AppTiles/Preview/contrast-white/Square44x44Logo.targetsize-72_contrast-white.png,e8bbd100d92313baa17fda60b3a121bf56fda79888c07b588711e1b7be18045f,Files baseline 99951c66928c4da714da8b1dd46039421182cbab; verify package-specific origin,NOASSERTION,REVIEW_REQUIRED,excluded
src/Files.App/Assets/AppTiles/Preview/contrast-white/Square44x44Logo.targetsize-80_altform-lightunplated_contrast-white.png,f4389b53453a11319877ad3d625c6eb3792157bed6843859e10a9d875a35ce6e,Files baseline 99951c66928c4da714da8b1dd46039421182cbab; verify package-specific origin,NOASSERTION,REVIEW_REQUIRED,excluded
src/Files.App/Assets/AppTiles/Preview/contrast-white/Square44x44Logo.targetsize-80_altform-unplated_contrast-white.png,f4389b53453a11319877ad3d625c6eb3792157bed6843859e10a9d875a35ce6e,Files baseline 99951c66928c4da714da8b1dd46039421182cbab; verify package-specific origin,NOASSERTION,REVIEW_REQUIRED,excluded
src/Files.App/Assets/AppTiles/Preview/contrast-white/Square44x44Logo.targetsize-80_contrast-white.png,f4389b53453a11319877ad3d625c6eb3792157bed6843859e10a9d875a35ce6e,Files baseline 99951c66928c4da714da8b1dd46039421182cbab; verify package-specific origin,NOASSERTION,REVIEW_REQUIRED,excluded
src/Files.App/Assets/AppTiles/Preview/contrast-white/Square44x44Logo.targetsize-96_altform-lightunplated_contrast-white.png,64fdecc38fa2c63d57271646eebd8052cf7d65ac6080cfc891328d297ec5d3b3,Files baseline 99951c66928c4da714da8b1dd46039421182cbab; verify package-specific origin,NOASSERTION,REVIEW_REQUIRED,excluded
src/Files.App/Assets/AppTiles/Preview/contrast-white/Square44x44Logo.targetsize-96_altform-unplated_contrast-white.png,64fdecc38fa2c63d57271646eebd8052cf7d65ac6080cfc891328d297ec5d3b3,Files baseline 99951c66928c4da714da8b1dd46039421182cbab; verify package-specific origin,NOASSERTION,REVIEW_REQUIRED,excluded
src/Files.App/Assets/AppTiles/Preview/contrast-white/Square44x44Logo.targetsize-96_contrast-white.png,64fdecc38fa2c63d57271646eebd8052cf7d65ac6080cfc891328d297ec5d3b3,Files baseline 99951c66928c4da714da8b1dd46039421182cbab; verify package-specific origin,NOASSERTION,REVIEW_REQUIRED,excluded
src/Files.App/Assets/AppTiles/Preview/contrast-white/StoreLogo.scale-100_contrast-white.png,1b6fb499faffa7ca9e278a84eaae1162dd7dc92c60b93d5ca78e238a9dd9f85b,Files baseline 99951c66928c4da714da8b1dd46039421182cbab; verify package-specific origin,NOASSERTION,REVIEW_REQUIRED,excluded
src/Files.App/Assets/AppTiles/Preview/contrast-white/StoreLogo.scale-125_contrast-white.png,eb68c0f5a203a8e4540089baf4f8cba04b13695849a330a18c98cdab4a38c4f5,Files baseline 99951c66928c4da714da8b1dd46039421182cbab; verify package-specific origin,NOASSERTION,REVIEW_REQUIRED,excluded
src/Files.App/Assets/AppTiles/Preview/contrast-white/StoreLogo.scale-150_contrast-white.png,5f77151f7bf085712f0795cd98b16e029c736c38d92a87b8f6647240833a4adc,Files baseline 99951c66928c4da714da8b1dd46039421182cbab; verify package-specific origin,NOASSERTION,REVIEW_REQUIRED,excluded
src/Files.App/Assets/AppTiles/Preview/contrast-white/StoreLogo.scale-200_contrast-white.png,ca4687e435b869d44b99c3212c26f3f9ed3e82e5dad2d7e3c898ded21a80eeef,Files baseline 99951c66928c4da714da8b1dd46039421182cbab; verify package-specific origin,NOASSERTION,REVIEW_REQUIRED,excluded
src/Files.App/Assets/AppTiles/Preview/contrast-white/StoreLogo.scale-400_contrast-white.png,6ddfdf2320f956135310c5571034443b601bc20ecd6f9dab86a7e513836b7136,Files baseline 99951c66928c4da714da8b1dd46039421182cbab; verify package-specific origin,NOASSERTION,REVIEW_REQUIRED,excluded
src/Files.App/Assets/AppTiles/Preview/contrast-white/Wide310x150Logo.scale-100_contrast-white.png,e073122435a17101e8826d4bb5cddf18fb681891f618adfd8358bd0f2d90917c,Files baseline 99951c66928c4da714da8b1dd46039421182cbab; verify package-specific origin,NOASSERTION,REVIEW_REQUIRED,excluded
src/Files.App/Assets/AppTiles/Preview/contrast-white/Wide310x150Logo.scale-125_contrast-white.png,a8ef0b92688e9c4a0c07af06a26a874ed885d98db5b9c700bbd537b5a7a71aec,Files baseline 99951c66928c4da714da8b1dd46039421182cbab; verify package-specific origin,NOASSERTION,REVIEW_REQUIRED,excluded
src/Files.App/Assets/AppTiles/Preview/contrast-white/Wide310x150Logo.scale-150_contrast-white.png,f17a11e29d104bfb9622f016428a1b0a137178f7cb748dfd871f8562a0739898,Files baseline 99951c66928c4da714da8b1dd46039421182cbab; verify package-specific origin,NOASSERTION,REVIEW_REQUIRED,excluded
src/Files.App/Assets/AppTiles/Preview/contrast-white/Wide310x150Logo.scale-200_contrast-white.png,79cd66f89ee7f78789d1a59a5c6f54ecb8762a3281672fa3492ccf8a987fd91b,Files baseline 99951c66928c4da714da8b1dd46039421182cbab; verify package-specific origin,NOASSERTION,REVIEW_REQUIRED,excluded
src/Files.App/Assets/AppTiles/Preview/contrast-white/Wide310x150Logo.scale-400_contrast-white.png,e89eebc2acdb92f7c7f259867be8e9bc6f9217151bcf88ffdd07049d2dce4897,Files baseline 99951c66928c4da714da8b1dd46039421182cbab; verify package-specific origin,NOASSERTION,REVIEW_REQUIRED,excluded
src/Files.App/Assets/AppTiles/Release/BadgeLogo.scale-100.png,dbc69c3e0770745a9f16bf29fa2ced216199425280ee63cf3bce66a44ded95a8,Files baseline 99951c66928c4da714da8b1dd46039421182cbab; verify package-specific origin,NOASSERTION,REVIEW_REQUIRED,excluded
src/Files.App/Assets/AppTiles/Release/BadgeLogo.scale-125.png,b3496a1a705931b465eb84b4dd03b41ce0c85411c9ad21f0d039b2972c45a4b9,Files baseline 99951c66928c4da714da8b1dd46039421182cbab; verify package-specific origin,NOASSERTION,REVIEW_REQUIRED,excluded
src/Files.App/Assets/AppTiles/Release/BadgeLogo.scale-150.png,c963f6837757c3947cb2f9fda1b33e4e1f1e130ec29a2c7494f4ea56b5e2c17b,Files baseline 99951c66928c4da714da8b1dd46039421182cbab; verify package-specific origin,NOASSERTION,REVIEW_REQUIRED,excluded
src/Files.App/Assets/AppTiles/Release/BadgeLogo.scale-200.png,7e3fe1cb26c0547ebbb59ee1a7248df96f429512fbb9f36e70e09581ce2a667c,Files baseline 99951c66928c4da714da8b1dd46039421182cbab; verify package-specific origin,NOASSERTION,REVIEW_REQUIRED,excluded
src/Files.App/Assets/AppTiles/Release/BadgeLogo.scale-400.png,4d675ec66c0ac34a26595e28a145702b489b4c1b2957293698d897eb7efa16c4,Files baseline 99951c66928c4da714da8b1dd46039421182cbab; verify package-specific origin,NOASSERTION,REVIEW_REQUIRED,excluded
src/Files.App/Assets/AppTiles/Release/Large310x310Logo.scale-100.png,48360bdc345c211934f8e00390c79b14a973ac47d1358e46d90fa4841cd8f58d,Files baseline 99951c66928c4da714da8b1dd46039421182cbab; verify package-specific origin,NOASSERTION,REVIEW_REQUIRED,excluded
src/Files.App/Assets/AppTiles/Release/Large310x310Logo.scale-125.png,de1cea91f32782c6f78c80eefc56bcb1748beee7c89f19e5cbba194f60ae97a3,Files baseline 99951c66928c4da714da8b1dd46039421182cbab; verify package-specific origin,NOASSERTION,REVIEW_REQUIRED,excluded
src/Files.App/Assets/AppTiles/Release/Large310x310Logo.scale-150.png,08fe785b737fc1013c3f42117c72d01323c6c41df1d0ee33cf83bf71b77eadd7,Files baseline 99951c66928c4da714da8b1dd46039421182cbab; verify package-specific origin,NOASSERTION,REVIEW_REQUIRED,excluded
src/Files.App/Assets/AppTiles/Release/Large310x310Logo.scale-200.png,e4226339892d7f024991259bf7627d66cd25f8387246c86b09b50af0ca096309,Files baseline 99951c66928c4da714da8b1dd46039421182cbab; verify package-specific origin,NOASSERTION,REVIEW_REQUIRED,excluded
src/Files.App/Assets/AppTiles/Release/Large310x310Logo.scale-400.png,8bdd249d556088d33823c52aeaba9d1e29dac2ebed6de12f24d5416119c2469b,Files baseline 99951c66928c4da714da8b1dd46039421182cbab; verify package-specific origin,NOASSERTION,REVIEW_REQUIRED,excluded
src/Files.App/Assets/AppTiles/Release/Logo.ico,e70277d1a3f26dc642c1e6fe800e9971567f0eafbe965f5e44bd4567cac74272,Files baseline 99951c66928c4da714da8b1dd46039421182cbab; verify package-specific origin,NOASSERTION,REVIEW_REQUIRED,excluded
src/Files.App/Assets/AppTiles/Release/Small71x71Logo.scale-100.png,8bb643ff4446c6951148ffd7c7e91746d2ca7263e32cee8d97bc433bca99a861,Files baseline 99951c66928c4da714da8b1dd46039421182cbab; verify package-specific origin,NOASSERTION,REVIEW_REQUIRED,excluded
src/Files.App/Assets/AppTiles/Release/Small71x71Logo.scale-125.png,518c77d38e4e8529ea5f20097185e351196015ee56c44bd5174463e9d5dce725,Files baseline 99951c66928c4da714da8b1dd46039421182cbab; verify package-specific origin,NOASSERTION,REVIEW_REQUIRED,excluded
src/Files.App/Assets/AppTiles/Release/Small71x71Logo.scale-150.png,bc3828eb91f8dba11f731a974f9f48ae44ffe5712b302690255df7c651b3a39d,Files baseline 99951c66928c4da714da8b1dd46039421182cbab; verify package-specific origin,NOASSERTION,REVIEW_REQUIRED,excluded
src/Files.App/Assets/AppTiles/Release/Small71x71Logo.scale-200.png,f5bc6f1ff5aa9a0fe2bf11085999f1f95a06b20a3aba68224e56cf1d57b327b9,Files baseline 99951c66928c4da714da8b1dd46039421182cbab; verify package-specific origin,NOASSERTION,REVIEW_REQUIRED,excluded
src/Files.App/Assets/AppTiles/Release/Small71x71Logo.scale-400.png,49da570f639ced647430cc451e596a346bcd28aca814bf982b11e4150e44ac03,Files baseline 99951c66928c4da714da8b1dd46039421182cbab; verify package-specific origin,NOASSERTION,REVIEW_REQUIRED,excluded
src/Files.App/Assets/AppTiles/Release/SplashScreen.scale-100.png,de839762a5660c06e020c8efe474ed9a38a97f44cf5ccb1464093a1b1b0e34d3,Files baseline 99951c66928c4da714da8b1dd46039421182cbab; verify package-specific origin,NOASSERTION,REVIEW_REQUIRED,excluded
src/Files.App/Assets/AppTiles/Release/SplashScreen.scale-125.png,c969b31c677d7076ebc25bbdc7aa6da85dd759dfe8a22f6e9b8d81f6b3c1258f,Files baseline 99951c66928c4da714da8b1dd46039421182cbab; verify package-specific origin,NOASSERTION,REVIEW_REQUIRED,excluded
src/Files.App/Assets/AppTiles/Release/SplashScreen.scale-150.png,ad2ce6450eae37d32cbb009269e5f014bc2471e9af8fb302a3c813b3f5a360d2,Files baseline 99951c66928c4da714da8b1dd46039421182cbab; verify package-specific origin,NOASSERTION,REVIEW_REQUIRED,excluded
src/Files.App/Assets/AppTiles/Release/SplashScreen.scale-200.png,106add02e08b2376c035080ad461447a84364962263b9dd0809336552224862c,Files baseline 99951c66928c4da714da8b1dd46039421182cbab; verify package-specific origin,NOASSERTION,REVIEW_REQUIRED,excluded
src/Files.App/Assets/AppTiles/Release/SplashScreen.scale-400.png,82cfde12d05170b1b366ac30951f66d031b50bf62fc2482b04356e207b78d821,Files baseline 99951c66928c4da714da8b1dd46039421182cbab; verify package-specific origin,NOASSERTION,REVIEW_REQUIRED,excluded
src/Files.App/Assets/AppTiles/Release/Square150x150Logo.scale-100.png,fb3d05c310ebc3861c080522c516799ccbc019a14ccaad2a570bf7cdfcfba2b2,Files baseline 99951c66928c4da714da8b1dd46039421182cbab; verify package-specific origin,NOASSERTION,REVIEW_REQUIRED,excluded
src/Files.App/Assets/AppTiles/Release/Square150x150Logo.scale-125.png,4d10b589efd91b6e9b7e20cb4311a089e98b87269474fc209e7ca5f3577e117b,Files baseline 99951c66928c4da714da8b1dd46039421182cbab; verify package-specific origin,NOASSERTION,REVIEW_REQUIRED,excluded
src/Files.App/Assets/AppTiles/Release/Square150x150Logo.scale-150.png,f43564a0bcf3434ad7e423ce6959a53bd1e96f2f35bfebb668e6666ef65e58f5,Files baseline 99951c66928c4da714da8b1dd46039421182cbab; verify package-specific origin,NOASSERTION,REVIEW_REQUIRED,excluded
src/Files.App/Assets/AppTiles/Release/Square150x150Logo.scale-200.png,a8ba6028519d6d5b676b4064cbeb46470fc395541352ad18a2eed39830c39e2b,Files baseline 99951c66928c4da714da8b1dd46039421182cbab; verify package-specific origin,NOASSERTION,REVIEW_REQUIRED,excluded
src/Files.App/Assets/AppTiles/Release/Square150x150Logo.scale-400.png,75bf96835d4bf175547f9ef03aa1d82efe54a131007b9f63bb0681d835286d0b,Files baseline 99951c66928c4da714da8b1dd46039421182cbab; verify package-specific origin,NOASSERTION,REVIEW_REQUIRED,excluded
src/Files.App/Assets/AppTiles/Release/Square44x44Logo.scale-100.png,6fad4e9a063d3a41f159efd0d624025d855359b87becf053ca0145de2b2b7738,Files baseline 99951c66928c4da714da8b1dd46039421182cbab; verify package-specific origin,NOASSERTION,REVIEW_REQUIRED,excluded
src/Files.App/Assets/AppTiles/Release/Square44x44Logo.scale-125.png,bec2a0546fb80deae24dad35186748785b4867fe8fab6c53caf5d71b36178baf,Files baseline 99951c66928c4da714da8b1dd46039421182cbab; verify package-specific origin,NOASSERTION,REVIEW_REQUIRED,excluded
src/Files.App/Assets/AppTiles/Release/Square44x44Logo.scale-150.png,891587a05ef9cdccdc115e59048a81ac38f7d46bf6c77e5b7b309d9cd809644d,Files baseline 99951c66928c4da714da8b1dd46039421182cbab; verify package-specific origin,NOASSERTION,REVIEW_REQUIRED,excluded
src/Files.App/Assets/AppTiles/Release/Square44x44Logo.scale-200.png,8cd22ab0995a2c6a9aa31b008bfe5527485cc41fc2d969f634e3d82aa49263e2,Files baseline 99951c66928c4da714da8b1dd46039421182cbab; verify package-specific origin,NOASSERTION,REVIEW_REQUIRED,excluded
src/Files.App/Assets/AppTiles/Release/Square44x44Logo.scale-400.png,73da41683ec757453797508951f32eb47b39926a68f394df01405214e663af87,Files baseline 99951c66928c4da714da8b1dd46039421182cbab; verify package-specific origin,NOASSERTION,REVIEW_REQUIRED,excluded
src/Files.App/Assets/AppTiles/Release/Square44x44Logo.targetsize-16.png,fc8dac46284869d93af1cf3014e404c4b563894a3ccb792227c1eae4c2b2938b,Files baseline 99951c66928c4da714da8b1dd46039421182cbab; verify package-specific origin,NOASSERTION,REVIEW_REQUIRED,excluded
src/Files.App/Assets/AppTiles/Release/Square44x44Logo.targetsize-16_altform-lightunplated_theme-light.png,fc8dac46284869d93af1cf3014e404c4b563894a3ccb792227c1eae4c2b2938b,Files baseline 99951c66928c4da714da8b1dd46039421182cbab; verify package-specific origin,NOASSERTION,REVIEW_REQUIRED,excluded
src/Files.App/Assets/AppTiles/Release/Square44x44Logo.targetsize-16_altform-unplated.png,fc8dac46284869d93af1cf3014e404c4b563894a3ccb792227c1eae4c2b2938b,Files baseline 99951c66928c4da714da8b1dd46039421182cbab; verify package-specific origin,NOASSERTION,REVIEW_REQUIRED,excluded
src/Files.App/Assets/AppTiles/Release/Square44x44Logo.targetsize-20.png,d83d2b98ba7332ccddb2a5e9a7e27830da490579d3f395f62963aeda2e61a527,Files baseline 99951c66928c4da714da8b1dd46039421182cbab; verify package-specific origin,NOASSERTION,REVIEW_REQUIRED,excluded
src/Files.App/Assets/AppTiles/Release/Square44x44Logo.targetsize-20_altform-lightunplated_theme-light.png,d83d2b98ba7332ccddb2a5e9a7e27830da490579d3f395f62963aeda2e61a527,Files baseline 99951c66928c4da714da8b1dd46039421182cbab; verify package-specific origin,NOASSERTION,REVIEW_REQUIRED,excluded
src/Files.App/Assets/AppTiles/Release/Square44x44Logo.targetsize-20_altform-unplated.png,d83d2b98ba7332ccddb2a5e9a7e27830da490579d3f395f62963aeda2e61a527,Files baseline 99951c66928c4da714da8b1dd46039421182cbab; verify package-specific origin,NOASSERTION,REVIEW_REQUIRED,excluded
src/Files.App/Assets/AppTiles/Release/Square44x44Logo.targetsize-24.png,4c25a2d7b665e63ac35ac82ef63921b97eccde88519a5d6975f972e9b2f3707a,Files baseline 99951c66928c4da714da8b1dd46039421182cbab; verify package-specific origin,NOASSERTION,REVIEW_REQUIRED,excluded
src/Files.App/Assets/AppTiles/Release/Square44x44Logo.targetsize-24_altform-lightunplated_theme-light.png,4c25a2d7b665e63ac35ac82ef63921b97eccde88519a5d6975f972e9b2f3707a,Files baseline 99951c66928c4da714da8b1dd46039421182cbab; verify package-specific origin,NOASSERTION,REVIEW_REQUIRED,excluded
src/Files.App/Assets/AppTiles/Release/Square44x44Logo.targetsize-24_altform-unplated.png,4c25a2d7b665e63ac35ac82ef63921b97eccde88519a5d6975f972e9b2f3707a,Files baseline 99951c66928c4da714da8b1dd46039421182cbab; verify package-specific origin,NOASSERTION,REVIEW_REQUIRED,excluded
src/Files.App/Assets/AppTiles/Release/Square44x44Logo.targetsize-256.png,0fc3fc019dfd1e8f6421c3b3b8f5f979dff09d33e9f982103a17274d15d29cdf,Files baseline 99951c66928c4da714da8b1dd46039421182cbab; verify package-specific origin,NOASSERTION,REVIEW_REQUIRED,excluded
src/Files.App/Assets/AppTiles/Release/Square44x44Logo.targetsize-256_altform-lightunplated_theme-light.png,0fc3fc019dfd1e8f6421c3b3b8f5f979dff09d33e9f982103a17274d15d29cdf,Files baseline 99951c66928c4da714da8b1dd46039421182cbab; verify package-specific origin,NOASSERTION,REVIEW_REQUIRED,excluded
src/Files.App/Assets/AppTiles/Release/Square44x44Logo.targetsize-256_altform-unplated.png,0fc3fc019dfd1e8f6421c3b3b8f5f979dff09d33e9f982103a17274d15d29cdf,Files baseline 99951c66928c4da714da8b1dd46039421182cbab; verify package-specific origin,NOASSERTION,REVIEW_REQUIRED,excluded
src/Files.App/Assets/AppTiles/Release/Square44x44Logo.targetsize-30.png,fcf80474d241a0d1259a460eb541bee42453145157b615f61dae9f6f3a5cd9c3,Files baseline 99951c66928c4da714da8b1dd46039421182cbab; verify package-specific origin,NOASSERTION,REVIEW_REQUIRED,excluded
src/Files.App/Assets/AppTiles/Release/Square44x44Logo.targetsize-30_altform-lightunplated_theme-light.png,fcf80474d241a0d1259a460eb541bee42453145157b615f61dae9f6f3a5cd9c3,Files baseline 99951c66928c4da714da8b1dd46039421182cbab; verify package-specific origin,NOASSERTION,REVIEW_REQUIRED,excluded
src/Files.App/Assets/AppTiles/Release/Square44x44Logo.targetsize-30_altform-unplated.png,fcf80474d241a0d1259a460eb541bee42453145157b615f61dae9f6f3a5cd9c3,Files baseline 99951c66928c4da714da8b1dd46039421182cbab; verify package-specific origin,NOASSERTION,REVIEW_REQUIRED,excluded
src/Files.App/Assets/AppTiles/Release/Square44x44Logo.targetsize-32.png,3788266210384413c58bc766a7291e424ea7c364908bf77e98ed8d5debcce34a,Files baseline 99951c66928c4da714da8b1dd46039421182cbab; verify package-specific origin,NOASSERTION,REVIEW_REQUIRED,excluded
src/Files.App/Assets/AppTiles/Release/Square44x44Logo.targetsize-32_altform-lightunplated_theme-light.png,3788266210384413c58bc766a7291e424ea7c364908bf77e98ed8d5debcce34a,Files baseline 99951c66928c4da714da8b1dd46039421182cbab; verify package-specific origin,NOASSERTION,REVIEW_REQUIRED,excluded
src/Files.App/Assets/AppTiles/Release/Square44x44Logo.targetsize-32_altform-unplated.png,3788266210384413c58bc766a7291e424ea7c364908bf77e98ed8d5debcce34a,Files baseline 99951c66928c4da714da8b1dd46039421182cbab; verify package-specific origin,NOASSERTION,REVIEW_REQUIRED,excluded
src/Files.App/Assets/AppTiles/Release/Square44x44Logo.targetsize-36.png,821f7ac94b387aeedc70d2618304d45b25dc2692047bb74c5d13d10d448c333c,Files baseline 99951c66928c4da714da8b1dd46039421182cbab; verify package-specific origin,NOASSERTION,REVIEW_REQUIRED,excluded
src/Files.App/Assets/AppTiles/Release/Square44x44Logo.targetsize-36_altform-lightunplated_theme-light.png,821f7ac94b387aeedc70d2618304d45b25dc2692047bb74c5d13d10d448c333c,Files baseline 99951c66928c4da714da8b1dd46039421182cbab; verify package-specific origin,NOASSERTION,REVIEW_REQUIRED,excluded
src/Files.App/Assets/AppTiles/Release/Square44x44Logo.targetsize-36_altform-unplated.png,821f7ac94b387aeedc70d2618304d45b25dc2692047bb74c5d13d10d448c333c,Files baseline 99951c66928c4da714da8b1dd46039421182cbab; verify package-specific origin,NOASSERTION,REVIEW_REQUIRED,excluded
src/Files.App/Assets/AppTiles/Release/Square44x44Logo.targetsize-40.png,441fd9aef47d7ca0a1b119f8683d555ed632708777b5031d1c6ce09d02a78958,Files baseline 99951c66928c4da714da8b1dd46039421182cbab; verify package-specific origin,NOASSERTION,REVIEW_REQUIRED,excluded
src/Files.App/Assets/AppTiles/Release/Square44x44Logo.targetsize-40_altform-lightunplated_theme-light.png,441fd9aef47d7ca0a1b119f8683d555ed632708777b5031d1c6ce09d02a78958,Files baseline 99951c66928c4da714da8b1dd46039421182cbab; verify package-specific origin,NOASSERTION,REVIEW_REQUIRED,excluded
src/Files.App/Assets/AppTiles/Release/Square44x44Logo.targetsize-40_altform-unplated.png,441fd9aef47d7ca0a1b119f8683d555ed632708777b5031d1c6ce09d02a78958,Files baseline 99951c66928c4da714da8b1dd46039421182cbab; verify package-specific origin,NOASSERTION,REVIEW_REQUIRED,excluded
src/Files.App/Assets/AppTiles/Release/Square44x44Logo.targetsize-48.png,79af1359c8df03e2e1c5535ee4fbee6891d8da7615639e717ab7042e6408f432,Files baseline 99951c66928c4da714da8b1dd46039421182cbab; verify package-specific origin,NOASSERTION,REVIEW_REQUIRED,excluded
src/Files.App/Assets/AppTiles/Release/Square44x44Logo.targetsize-48_altform-lightunplated_theme-light.png,79af1359c8df03e2e1c5535ee4fbee6891d8da7615639e717ab7042e6408f432,Files baseline 99951c66928c4da714da8b1dd46039421182cbab; verify package-specific origin,NOASSERTION,REVIEW_REQUIRED,excluded
src/Files.App/Assets/AppTiles/Release/Square44x44Logo.targetsize-48_altform-unplated.png,79af1359c8df03e2e1c5535ee4fbee6891d8da7615639e717ab7042e6408f432,Files baseline 99951c66928c4da714da8b1dd46039421182cbab; verify package-specific origin,NOASSERTION,REVIEW_REQUIRED,excluded
src/Files.App/Assets/AppTiles/Release/Square44x44Logo.targetsize-60.png,688bebe9c4b3075165bb75fd776b94b9598dfa9fe13af5eea2a7daa3df6f4dca,Files baseline 99951c66928c4da714da8b1dd46039421182cbab; verify package-specific origin,NOASSERTION,REVIEW_REQUIRED,excluded
src/Files.App/Assets/AppTiles/Release/Square44x44Logo.targetsize-60_altform-lightunplated_theme-light.png,688bebe9c4b3075165bb75fd776b94b9598dfa9fe13af5eea2a7daa3df6f4dca,Files baseline 99951c66928c4da714da8b1dd46039421182cbab; verify package-specific origin,NOASSERTION,REVIEW_REQUIRED,excluded
src/Files.App/Assets/AppTiles/Release/Square44x44Logo.targetsize-60_altform-unplated.png,688bebe9c4b3075165bb75fd776b94b9598dfa9fe13af5eea2a7daa3df6f4dca,Files baseline 99951c66928c4da714da8b1dd46039421182cbab; verify package-specific origin,NOASSERTION,REVIEW_REQUIRED,excluded
src/Files.App/Assets/AppTiles/Release/Square44x44Logo.targetsize-64.png,f947f41733df7e245676200fdf4558f76458b82c6f66aada36fc857c93fc1fc5,Files baseline 99951c66928c4da714da8b1dd46039421182cbab; verify package-specific origin,NOASSERTION,REVIEW_REQUIRED,excluded
src/Files.App/Assets/AppTiles/Release/Square44x44Logo.targetsize-64_altform-lightunplated_theme-light.png,f947f41733df7e245676200fdf4558f76458b82c6f66aada36fc857c93fc1fc5,Files baseline 99951c66928c4da714da8b1dd46039421182cbab; verify package-specific origin,NOASSERTION,REVIEW_REQUIRED,excluded
src/Files.App/Assets/AppTiles/Release/Square44x44Logo.targetsize-64_altform-unplated.png,f947f41733df7e245676200fdf4558f76458b82c6f66aada36fc857c93fc1fc5,Files baseline 99951c66928c4da714da8b1dd46039421182cbab; verify package-specific origin,NOASSERTION,REVIEW_REQUIRED,excluded
src/Files.App/Assets/AppTiles/Release/Square44x44Logo.targetsize-72.png,45bac33c382db5928a23c49ea16ec046804829ee9c765f816b62a822be10f25f,Files baseline 99951c66928c4da714da8b1dd46039421182cbab; verify package-specific origin,NOASSERTION,REVIEW_REQUIRED,excluded
src/Files.App/Assets/AppTiles/Release/Square44x44Logo.targetsize-72_altform-lightunplated_theme-light.png,45bac33c382db5928a23c49ea16ec046804829ee9c765f816b62a822be10f25f,Files baseline 99951c66928c4da714da8b1dd46039421182cbab; verify package-specific origin,NOASSERTION,REVIEW_REQUIRED,excluded
src/Files.App/Assets/AppTiles/Release/Square44x44Logo.targetsize-72_altform-unplated.png,45bac33c382db5928a23c49ea16ec046804829ee9c765f816b62a822be10f25f,Files baseline 99951c66928c4da714da8b1dd46039421182cbab; verify package-specific origin,NOASSERTION,REVIEW_REQUIRED,excluded
src/Files.App/Assets/AppTiles/Release/Square44x44Logo.targetsize-80.png,716dabdc8f980f7cee065e0120932c032fd02246622ee429a060a1135b53814f,Files baseline 99951c66928c4da714da8b1dd46039421182cbab; verify package-specific origin,NOASSERTION,REVIEW_REQUIRED,excluded
src/Files.App/Assets/AppTiles/Release/Square44x44Logo.targetsize-80_altform-lightunplated_theme-light.png,716dabdc8f980f7cee065e0120932c032fd02246622ee429a060a1135b53814f,Files baseline 99951c66928c4da714da8b1dd46039421182cbab; verify package-specific origin,NOASSERTION,REVIEW_REQUIRED,excluded
src/Files.App/Assets/AppTiles/Release/Square44x44Logo.targetsize-80_altform-unplated.png,716dabdc8f980f7cee065e0120932c032fd02246622ee429a060a1135b53814f,Files baseline 99951c66928c4da714da8b1dd46039421182cbab; verify package-specific origin,NOASSERTION,REVIEW_REQUIRED,excluded
src/Files.App/Assets/AppTiles/Release/Square44x44Logo.targetsize-96.png,7ad72f89015505747ef794f7e9442a37d9b219ae810649f30681542df532288b,Files baseline 99951c66928c4da714da8b1dd46039421182cbab; verify package-specific origin,NOASSERTION,REVIEW_REQUIRED,excluded
src/Files.App/Assets/AppTiles/Release/Square44x44Logo.targetsize-96_altform-lightunplated_theme-light.png,7ad72f89015505747ef794f7e9442a37d9b219ae810649f30681542df532288b,Files baseline 99951c66928c4da714da8b1dd46039421182cbab; verify package-specific origin,NOASSERTION,REVIEW_REQUIRED,excluded
src/Files.App/Assets/AppTiles/Release/Square44x44Logo.targetsize-96_altform-unplated.png,7ad72f89015505747ef794f7e9442a37d9b219ae810649f30681542df532288b,Files baseline 99951c66928c4da714da8b1dd46039421182cbab; verify package-specific origin,NOASSERTION,REVIEW_REQUIRED,excluded
src/Files.App/Assets/AppTiles/Release/StoreLogo.scale-100.png,c7f2dcb152ec233f93b4871ad6b2b9deca865b18b21aba19e3fb40c3f80b7efe,Files baseline 99951c66928c4da714da8b1dd46039421182cbab; verify package-specific origin,NOASSERTION,REVIEW_REQUIRED,excluded
src/Files.App/Assets/AppTiles/Release/StoreLogo.scale-125.png,31a7465333101b843fc75951c59da051c93f6785c8b53d1753afb5f4895a8f48,Files baseline 99951c66928c4da714da8b1dd46039421182cbab; verify package-specific origin,NOASSERTION,REVIEW_REQUIRED,excluded
src/Files.App/Assets/AppTiles/Release/StoreLogo.scale-150.png,4900ae7cbbc0b31d03a67f41456679f4102905946f49d52a9f12aa37ef5202fc,Files baseline 99951c66928c4da714da8b1dd46039421182cbab; verify package-specific origin,NOASSERTION,REVIEW_REQUIRED,excluded
src/Files.App/Assets/AppTiles/Release/StoreLogo.scale-200.png,1166b109867c5ffbefa30bfa572ea2064926c70fb735179d4a37c443539bf196,Files baseline 99951c66928c4da714da8b1dd46039421182cbab; verify package-specific origin,NOASSERTION,REVIEW_REQUIRED,excluded
src/Files.App/Assets/AppTiles/Release/StoreLogo.scale-400.png,12d85943d39a3b4473887d5b19735004750328fd5ea7c86fbf759894239b7e85,Files baseline 99951c66928c4da714da8b1dd46039421182cbab; verify package-specific origin,NOASSERTION,REVIEW_REQUIRED,excluded
src/Files.App/Assets/AppTiles/Release/Wide310x150Logo.scale-100.png,687a877a21543746aaf787b290d6d1d54b10976b85096aea2096875e6bf43e1d,Files baseline 99951c66928c4da714da8b1dd46039421182cbab; verify package-specific origin,NOASSERTION,REVIEW_REQUIRED,excluded
src/Files.App/Assets/AppTiles/Release/Wide310x150Logo.scale-125.png,948389c88b4616f7e894052fca35ebb7232f6479ce4c40a8ed06d1853fc70bf2,Files baseline 99951c66928c4da714da8b1dd46039421182cbab; verify package-specific origin,NOASSERTION,REVIEW_REQUIRED,excluded
src/Files.App/Assets/AppTiles/Release/Wide310x150Logo.scale-150.png,8415fc1c086f51a4bc65be2db55c5ce500c7e43f0aa9a357a725579356cf6407,Files baseline 99951c66928c4da714da8b1dd46039421182cbab; verify package-specific origin,NOASSERTION,REVIEW_REQUIRED,excluded
src/Files.App/Assets/AppTiles/Release/Wide310x150Logo.scale-200.png,d97ba733938d1e25eefc9c768e44d39011a712930a878fe6807229bff234c219,Files baseline 99951c66928c4da714da8b1dd46039421182cbab; verify package-specific origin,NOASSERTION,REVIEW_REQUIRED,excluded
src/Files.App/Assets/AppTiles/Release/Wide310x150Logo.scale-400.png,d48b94e84a5d140cf6efa33658bf8a116a8e1f512fa4a4b81ad80be01f08a811,Files baseline 99951c66928c4da714da8b1dd46039421182cbab; verify package-specific origin,NOASSERTION,REVIEW_REQUIRED,excluded
src/Files.App/Assets/AppTiles/Release/contrast-black/BadgeLogo.scale-100_contrast-black.png,dbc69c3e0770745a9f16bf29fa2ced216199425280ee63cf3bce66a44ded95a8,Files baseline 99951c66928c4da714da8b1dd46039421182cbab; verify package-specific origin,NOASSERTION,REVIEW_REQUIRED,excluded
src/Files.App/Assets/AppTiles/Release/contrast-black/BadgeLogo.scale-125_contrast-black.png,b3496a1a705931b465eb84b4dd03b41ce0c85411c9ad21f0d039b2972c45a4b9,Files baseline 99951c66928c4da714da8b1dd46039421182cbab; verify package-specific origin,NOASSERTION,REVIEW_REQUIRED,excluded
src/Files.App/Assets/AppTiles/Release/contrast-black/BadgeLogo.scale-150_contrast-black.png,c963f6837757c3947cb2f9fda1b33e4e1f1e130ec29a2c7494f4ea56b5e2c17b,Files baseline 99951c66928c4da714da8b1dd46039421182cbab; verify package-specific origin,NOASSERTION,REVIEW_REQUIRED,excluded
src/Files.App/Assets/AppTiles/Release/contrast-black/BadgeLogo.scale-200_contrast-black.png,7e3fe1cb26c0547ebbb59ee1a7248df96f429512fbb9f36e70e09581ce2a667c,Files baseline 99951c66928c4da714da8b1dd46039421182cbab; verify package-specific origin,NOASSERTION,REVIEW_REQUIRED,excluded
src/Files.App/Assets/AppTiles/Release/contrast-black/BadgeLogo.scale-400_contrast-black.png,4d675ec66c0ac34a26595e28a145702b489b4c1b2957293698d897eb7efa16c4,Files baseline 99951c66928c4da714da8b1dd46039421182cbab; verify package-specific origin,NOASSERTION,REVIEW_REQUIRED,excluded
src/Files.App/Assets/AppTiles/Release/contrast-black/Large310x310Logo.scale-100_contrast-black.png,980d0ec447114665e5f43f51ff8a2569fb7c1c01fbe1a75bde1e12015a0d9d79,Files baseline 99951c66928c4da714da8b1dd46039421182cbab; verify package-specific origin,NOASSERTION,REVIEW_REQUIRED,excluded
src/Files.App/Assets/AppTiles/Release/contrast-black/Large310x310Logo.scale-125_contrast-black.png,af1319715c8e705d900528f36cb1a23bb35750f367bf93800eb15d503f7b627e,Files baseline 99951c66928c4da714da8b1dd46039421182cbab; verify package-specific origin,NOASSERTION,REVIEW_REQUIRED,excluded
src/Files.App/Assets/AppTiles/Release/contrast-black/Large310x310Logo.scale-150_contrast-black.png,9d1fca314db87eba0b6fcdfd1a4c33078fe2ee524aad933960b3290b2cff7d1e,Files baseline 99951c66928c4da714da8b1dd46039421182cbab; verify package-specific origin,NOASSERTION,REVIEW_REQUIRED,excluded
src/Files.App/Assets/AppTiles/Release/contrast-black/Large310x310Logo.scale-200_contrast-black.png,880c1e1b997fdb5d4d7fbca3d5bf6316314ff16d9f6089e30e4c8b4801bffa69,Files baseline 99951c66928c4da714da8b1dd46039421182cbab; verify package-specific origin,NOASSERTION,REVIEW_REQUIRED,excluded
src/Files.App/Assets/AppTiles/Release/contrast-black/Large310x310Logo.scale-400_contrast-black.png,638ea419805a6279c6feffc5feb49c823bbac67225e85b2f52a63ed2756f82da,Files baseline 99951c66928c4da714da8b1dd46039421182cbab; verify package-specific origin,NOASSERTION,REVIEW_REQUIRED,excluded
src/Files.App/Assets/AppTiles/Release/contrast-black/Small71x71Logo.scale-100_contrast-black.png,25a9ec8a288dfce20888b269e7d1472241a6534d1b94b6b5eccd7b225e72f9a4,Files baseline 99951c66928c4da714da8b1dd46039421182cbab; verify package-specific origin,NOASSERTION,REVIEW_REQUIRED,excluded
src/Files.App/Assets/AppTiles/Release/contrast-black/Small71x71Logo.scale-125_contrast-black.png,aacd07c4719789e16b5dab2c0e12b3f05e0f2a3392b1ab2157ef6d9add5623d2,Files baseline 99951c66928c4da714da8b1dd46039421182cbab; verify package-specific origin,NOASSERTION,REVIEW_REQUIRED,excluded
src/Files.App/Assets/AppTiles/Release/contrast-black/Small71x71Logo.scale-150_contrast-black.png,40c27a1acaa81d5b47cb291eb78eda86f249557aee67e08001e184b06c43df48,Files baseline 99951c66928c4da714da8b1dd46039421182cbab; verify package-specific origin,NOASSERTION,REVIEW_REQUIRED,excluded
src/Files.App/Assets/AppTiles/Release/contrast-black/Small71x71Logo.scale-200_contrast-black.png,34949d25184c33d662a50936721ead2af066068da4d1535852519bc1e22e4f45,Files baseline 99951c66928c4da714da8b1dd46039421182cbab; verify package-specific origin,NOASSERTION,REVIEW_REQUIRED,excluded
src/Files.App/Assets/AppTiles/Release/contrast-black/Small71x71Logo.scale-400_contrast-black.png,cd9f10e02899f3e662854d4324cc6eefd88647b5119af34e17bb9868aa742903,Files baseline 99951c66928c4da714da8b1dd46039421182cbab; verify package-specific origin,NOASSERTION,REVIEW_REQUIRED,excluded
src/Files.App/Assets/AppTiles/Release/contrast-black/SplashScreen.scale-100_contrast-black.png,688f47105af284816e67579f1319f662504f77c20aa3e7b3dc659a733b029259,Files baseline 99951c66928c4da714da8b1dd46039421182cbab; verify package-specific origin,NOASSERTION,REVIEW_REQUIRED,excluded
src/Files.App/Assets/AppTiles/Release/contrast-black/SplashScreen.scale-125_contrast-black.png,a32890f12aa2e08ee7a815cf3dfe3737cb93bd5aa7a0feea2bae675b55ca220d,Files baseline 99951c66928c4da714da8b1dd46039421182cbab; verify package-specific origin,NOASSERTION,REVIEW_REQUIRED,excluded
src/Files.App/Assets/AppTiles/Release/contrast-black/SplashScreen.scale-150_contrast-black.png,1303f4e96684a08434f9a87b1b826a2f7f87e9076de15d7c18681d4324fe6d84,Files baseline 99951c66928c4da714da8b1dd46039421182cbab; verify package-specific origin,NOASSERTION,REVIEW_REQUIRED,excluded
src/Files.App/Assets/AppTiles/Release/contrast-black/SplashScreen.scale-200_contrast-black.png,e2651f61e5ac8e31c899065c845ada8f832141b2086c06f8137cfcd30d6bffc4,Files baseline 99951c66928c4da714da8b1dd46039421182cbab; verify package-specific origin,NOASSERTION,REVIEW_REQUIRED,excluded
src/Files.App/Assets/AppTiles/Release/contrast-black/SplashScreen.scale-400_contrast-black.png,1083d4bb4ceaaaa91296a1afa4ad0d2db282c3ab385d4241aab5970a09077968,Files baseline 99951c66928c4da714da8b1dd46039421182cbab; verify package-specific origin,NOASSERTION,REVIEW_REQUIRED,excluded
src/Files.App/Assets/AppTiles/Release/contrast-black/Square150x150Logo.scale-100_contrast-black.png,5349bd2d7438dde8fc94d381a9783f2b5ecd40c5e6787957e5f171b22c42e7e6,Files baseline 99951c66928c4da714da8b1dd46039421182cbab; verify package-specific origin,NOASSERTION,REVIEW_REQUIRED,excluded
src/Files.App/Assets/AppTiles/Release/contrast-black/Square150x150Logo.scale-125_contrast-black.png,0ac071884aad5fe121d4c146ca46b42f0670d1a5eb036d4f5bd2c9c8d2da8147,Files baseline 99951c66928c4da714da8b1dd46039421182cbab; verify package-specific origin,NOASSERTION,REVIEW_REQUIRED,excluded
src/Files.App/Assets/AppTiles/Release/contrast-black/Square150x150Logo.scale-150_contrast-black.png,c7005f7e73251547de83ee05807532703ff359dee642052a8a1ebdf69db3128b,Files baseline 99951c66928c4da714da8b1dd46039421182cbab; verify package-specific origin,NOASSERTION,REVIEW_REQUIRED,excluded
src/Files.App/Assets/AppTiles/Release/contrast-black/Square150x150Logo.scale-200_contrast-black.png,f3ab7cc97e458639669a4dca794e5ec870fb396397e8f925dfd6d9bc69c05111,Files baseline 99951c66928c4da714da8b1dd46039421182cbab; verify package-specific origin,NOASSERTION,REVIEW_REQUIRED,excluded
src/Files.App/Assets/AppTiles/Release/contrast-black/Square150x150Logo.scale-400_contrast-black.png,2fc1302c28d6215a19142e51d57791dca04273bc2dabc1c2c2537ff08d74423e,Files baseline 99951c66928c4da714da8b1dd46039421182cbab; verify package-specific origin,NOASSERTION,REVIEW_REQUIRED,excluded
src/Files.App/Assets/AppTiles/Release/contrast-black/Square44x44Logo.scale-100_contrast-black.png,3b367137da22816b9776f242b75a1ea48f607ee0d29ba93366ed206e28e7e9b6,Files baseline 99951c66928c4da714da8b1dd46039421182cbab; verify package-specific origin,NOASSERTION,REVIEW_REQUIRED,excluded
src/Files.App/Assets/AppTiles/Release/contrast-black/Square44x44Logo.scale-125_contrast-black.png,57259a62ea7728e61004dd7dba204a18bb0ab13be3414cc4acf6e7ed153486de,Files baseline 99951c66928c4da714da8b1dd46039421182cbab; verify package-specific origin,NOASSERTION,REVIEW_REQUIRED,excluded
src/Files.App/Assets/AppTiles/Release/contrast-black/Square44x44Logo.scale-150_contrast-black.png,02b21a5aa13b2f034963425edb17b7042d57e673571c9c3594e7f5de794e2448,Files baseline 99951c66928c4da714da8b1dd46039421182cbab; verify package-specific origin,NOASSERTION,REVIEW_REQUIRED,excluded
src/Files.App/Assets/AppTiles/Release/contrast-black/Square44x44Logo.scale-200_contrast-black.png,d1254fd2433e4746c66b8f1194157a30796dea0cb6a415226654774171a58a4b,Files baseline 99951c66928c4da714da8b1dd46039421182cbab; verify package-specific origin,NOASSERTION,REVIEW_REQUIRED,excluded
src/Files.App/Assets/AppTiles/Release/contrast-black/Square44x44Logo.scale-400_contrast-black.png,0badc244c4c9c631ab302acfb2a252bebb2cab1133f91a3ab12c96d2b37cb337,Files baseline 99951c66928c4da714da8b1dd46039421182cbab; verify package-specific origin,NOASSERTION,REVIEW_REQUIRED,excluded
src/Files.App/Assets/AppTiles/Release/contrast-black/Square44x44Logo.targetsize-16_altform-lightunplated_contrast-black.png,088adfc0b7a3f4631fa040a047fd0e9cdd8774f98c7c8e7e43226ae064e79bce,Files baseline 99951c66928c4da714da8b1dd46039421182cbab; verify package-specific origin,NOASSERTION,REVIEW_REQUIRED,excluded
src/Files.App/Assets/AppTiles/Release/contrast-black/Square44x44Logo.targetsize-16_altform-unplated_contrast-black.png,088adfc0b7a3f4631fa040a047fd0e9cdd8774f98c7c8e7e43226ae064e79bce,Files baseline 99951c66928c4da714da8b1dd46039421182cbab; verify package-specific origin,NOASSERTION,REVIEW_REQUIRED,excluded
src/Files.App/Assets/AppTiles/Release/contrast-black/Square44x44Logo.targetsize-16_contrast-black.png,088adfc0b7a3f4631fa040a047fd0e9cdd8774f98c7c8e7e43226ae064e79bce,Files baseline 99951c66928c4da714da8b1dd46039421182cbab; verify package-specific origin,NOASSERTION,REVIEW_REQUIRED,excluded
src/Files.App/Assets/AppTiles/Release/contrast-black/Square44x44Logo.targetsize-20_altform-lightunplated_contrast-black.png,41f5f443f00adc9e889b6e5972ad66266aae4056a25c05e9ffa549553747e45a,Files baseline 99951c66928c4da714da8b1dd46039421182cbab; verify package-specific origin,NOASSERTION,REVIEW_REQUIRED,excluded
src/Files.App/Assets/AppTiles/Release/contrast-black/Square44x44Logo.targetsize-20_altform-unplated_contrast-black.png,41f5f443f00adc9e889b6e5972ad66266aae4056a25c05e9ffa549553747e45a,Files baseline 99951c66928c4da714da8b1dd46039421182cbab; verify package-specific origin,NOASSERTION,REVIEW_REQUIRED,excluded
src/Files.App/Assets/AppTiles/Release/contrast-black/Square44x44Logo.targetsize-20_contrast-black.png,41f5f443f00adc9e889b6e5972ad66266aae4056a25c05e9ffa549553747e45a,Files baseline 99951c66928c4da714da8b1dd46039421182cbab; verify package-specific origin,NOASSERTION,REVIEW_REQUIRED,excluded
src/Files.App/Assets/AppTiles/Release/contrast-black/Square44x44Logo.targetsize-24_altform-lightunplated_contrast-black.png,dbc69c3e0770745a9f16bf29fa2ced216199425280ee63cf3bce66a44ded95a8,Files baseline 99951c66928c4da714da8b1dd46039421182cbab; verify package-specific origin,NOASSERTION,REVIEW_REQUIRED,excluded
src/Files.App/Assets/AppTiles/Release/contrast-black/Square44x44Logo.targetsize-24_altform-unplated_contrast-black.png,dbc69c3e0770745a9f16bf29fa2ced216199425280ee63cf3bce66a44ded95a8,Files baseline 99951c66928c4da714da8b1dd46039421182cbab; verify package-specific origin,NOASSERTION,REVIEW_REQUIRED,excluded
src/Files.App/Assets/AppTiles/Release/contrast-black/Square44x44Logo.targetsize-24_contrast-black.png,dbc69c3e0770745a9f16bf29fa2ced216199425280ee63cf3bce66a44ded95a8,Files baseline 99951c66928c4da714da8b1dd46039421182cbab; verify package-specific origin,NOASSERTION,REVIEW_REQUIRED,excluded
src/Files.App/Assets/AppTiles/Release/contrast-black/Square44x44Logo.targetsize-256_altform-lightunplated_contrast-black.png,7df7471755dacfb397576594ec8b0b92cbe98eca71dc26a17af79860e3e3f363,Files baseline 99951c66928c4da714da8b1dd46039421182cbab; verify package-specific origin,NOASSERTION,REVIEW_REQUIRED,excluded
src/Files.App/Assets/AppTiles/Release/contrast-black/Square44x44Logo.targetsize-256_altform-unplated_contrast-black.png,7df7471755dacfb397576594ec8b0b92cbe98eca71dc26a17af79860e3e3f363,Files baseline 99951c66928c4da714da8b1dd46039421182cbab; verify package-specific origin,NOASSERTION,REVIEW_REQUIRED,excluded
src/Files.App/Assets/AppTiles/Release/contrast-black/Square44x44Logo.targetsize-256_contrast-black.png,7df7471755dacfb397576594ec8b0b92cbe98eca71dc26a17af79860e3e3f363,Files baseline 99951c66928c4da714da8b1dd46039421182cbab; verify package-specific origin,NOASSERTION,REVIEW_REQUIRED,excluded
src/Files.App/Assets/AppTiles/Release/contrast-black/Square44x44Logo.targetsize-30_altform-lightunplated_contrast-black.png,993540f88fe7df9061640081bc7e5f22869d6666ac32783c0509923f7d2bbffe,Files baseline 99951c66928c4da714da8b1dd46039421182cbab; verify package-specific origin,NOASSERTION,REVIEW_REQUIRED,excluded
src/Files.App/Assets/AppTiles/Release/contrast-black/Square44x44Logo.targetsize-30_altform-unplated_contrast-black.png,993540f88fe7df9061640081bc7e5f22869d6666ac32783c0509923f7d2bbffe,Files baseline 99951c66928c4da714da8b1dd46039421182cbab; verify package-specific origin,NOASSERTION,REVIEW_REQUIRED,excluded
src/Files.App/Assets/AppTiles/Release/contrast-black/Square44x44Logo.targetsize-30_contrast-black.png,993540f88fe7df9061640081bc7e5f22869d6666ac32783c0509923f7d2bbffe,Files baseline 99951c66928c4da714da8b1dd46039421182cbab; verify package-specific origin,NOASSERTION,REVIEW_REQUIRED,excluded
src/Files.App/Assets/AppTiles/Release/contrast-black/Square44x44Logo.targetsize-32_altform-lightunplated_contrast-black.png,be05d799fccc0eb39bcf766239f04ea76cd51e837602771cecdee567fb090cca,Files baseline 99951c66928c4da714da8b1dd46039421182cbab; verify package-specific origin,NOASSERTION,REVIEW_REQUIRED,excluded
src/Files.App/Assets/AppTiles/Release/contrast-black/Square44x44Logo.targetsize-32_altform-unplated_contrast-black.png,be05d799fccc0eb39bcf766239f04ea76cd51e837602771cecdee567fb090cca,Files baseline 99951c66928c4da714da8b1dd46039421182cbab; verify package-specific origin,NOASSERTION,REVIEW_REQUIRED,excluded
src/Files.App/Assets/AppTiles/Release/contrast-black/Square44x44Logo.targetsize-32_contrast-black.png,be05d799fccc0eb39bcf766239f04ea76cd51e837602771cecdee567fb090cca,Files baseline 99951c66928c4da714da8b1dd46039421182cbab; verify package-specific origin,NOASSERTION,REVIEW_REQUIRED,excluded
src/Files.App/Assets/AppTiles/Release/contrast-black/Square44x44Logo.targetsize-36_altform-lightunplated_contrast-black.png,1853842eb6024ae647a338006968e1d4ee797628cafb40463cef253c40ccd603,Files baseline 99951c66928c4da714da8b1dd46039421182cbab; verify package-specific origin,NOASSERTION,REVIEW_REQUIRED,excluded
src/Files.App/Assets/AppTiles/Release/contrast-black/Square44x44Logo.targetsize-36_altform-unplated_contrast-black.png,1853842eb6024ae647a338006968e1d4ee797628cafb40463cef253c40ccd603,Files baseline 99951c66928c4da714da8b1dd46039421182cbab; verify package-specific origin,NOASSERTION,REVIEW_REQUIRED,excluded
src/Files.App/Assets/AppTiles/Release/contrast-black/Square44x44Logo.targetsize-36_contrast-black.png,1853842eb6024ae647a338006968e1d4ee797628cafb40463cef253c40ccd603,Files baseline 99951c66928c4da714da8b1dd46039421182cbab; verify package-specific origin,NOASSERTION,REVIEW_REQUIRED,excluded
src/Files.App/Assets/AppTiles/Release/contrast-black/Square44x44Logo.targetsize-40_altform-lightunplated_contrast-black.png,156e29402ee5bed944a76521e3d440a037cf0790d1b16477ebcec197c58587e3,Files baseline 99951c66928c4da714da8b1dd46039421182cbab; verify package-specific origin,NOASSERTION,REVIEW_REQUIRED,excluded
src/Files.App/Assets/AppTiles/Release/contrast-black/Square44x44Logo.targetsize-40_altform-unplated_contrast-black.png,156e29402ee5bed944a76521e3d440a037cf0790d1b16477ebcec197c58587e3,Files baseline 99951c66928c4da714da8b1dd46039421182cbab; verify package-specific origin,NOASSERTION,REVIEW_REQUIRED,excluded
src/Files.App/Assets/AppTiles/Release/contrast-black/Square44x44Logo.targetsize-40_contrast-black.png,156e29402ee5bed944a76521e3d440a037cf0790d1b16477ebcec197c58587e3,Files baseline 99951c66928c4da714da8b1dd46039421182cbab; verify package-specific origin,NOASSERTION,REVIEW_REQUIRED,excluded
src/Files.App/Assets/AppTiles/Release/contrast-black/Square44x44Logo.targetsize-48_altform-lightunplated_contrast-black.png,1ab9acf2bbe174e263b9114fcf07f925f5f0f5272214ac524156c2e4d7875d96,Files baseline 99951c66928c4da714da8b1dd46039421182cbab; verify package-specific origin,NOASSERTION,REVIEW_REQUIRED,excluded
src/Files.App/Assets/AppTiles/Release/contrast-black/Square44x44Logo.targetsize-48_altform-unplated_contrast-black.png,1ab9acf2bbe174e263b9114fcf07f925f5f0f5272214ac524156c2e4d7875d96,Files baseline 99951c66928c4da714da8b1dd46039421182cbab; verify package-specific origin,NOASSERTION,REVIEW_REQUIRED,excluded
src/Files.App/Assets/AppTiles/Release/contrast-black/Square44x44Logo.targetsize-48_contrast-black.png,1ab9acf2bbe174e263b9114fcf07f925f5f0f5272214ac524156c2e4d7875d96,Files baseline 99951c66928c4da714da8b1dd46039421182cbab; verify package-specific origin,NOASSERTION,REVIEW_REQUIRED,excluded
src/Files.App/Assets/AppTiles/Release/contrast-black/Square44x44Logo.targetsize-60_altform-lightunplated_contrast-black.png,4cc123aa2c70484976e14a0049ede4ce1a4ea194914c439c20eb5c528e16320d,Files baseline 99951c66928c4da714da8b1dd46039421182cbab; verify package-specific origin,NOASSERTION,REVIEW_REQUIRED,excluded
src/Files.App/Assets/AppTiles/Release/contrast-black/Square44x44Logo.targetsize-60_altform-unplated_contrast-black.png,4cc123aa2c70484976e14a0049ede4ce1a4ea194914c439c20eb5c528e16320d,Files baseline 99951c66928c4da714da8b1dd46039421182cbab; verify package-specific origin,NOASSERTION,REVIEW_REQUIRED,excluded
src/Files.App/Assets/AppTiles/Release/contrast-black/Square44x44Logo.targetsize-60_contrast-black.png,4cc123aa2c70484976e14a0049ede4ce1a4ea194914c439c20eb5c528e16320d,Files baseline 99951c66928c4da714da8b1dd46039421182cbab; verify package-specific origin,NOASSERTION,REVIEW_REQUIRED,excluded
src/Files.App/Assets/AppTiles/Release/contrast-black/Square44x44Logo.targetsize-64_altform-lightunplated_contrast-black.png,833e5a7f7be3df092a0b3b4d04a57b82961caa3788c54e2b08ae00f240c142d7,Files baseline 99951c66928c4da714da8b1dd46039421182cbab; verify package-specific origin,NOASSERTION,REVIEW_REQUIRED,excluded
src/Files.App/Assets/AppTiles/Release/contrast-black/Square44x44Logo.targetsize-64_altform-unplated_contrast-black.png,833e5a7f7be3df092a0b3b4d04a57b82961caa3788c54e2b08ae00f240c142d7,Files baseline 99951c66928c4da714da8b1dd46039421182cbab; verify package-specific origin,NOASSERTION,REVIEW_REQUIRED,excluded
src/Files.App/Assets/AppTiles/Release/contrast-black/Square44x44Logo.targetsize-64_contrast-black.png,833e5a7f7be3df092a0b3b4d04a57b82961caa3788c54e2b08ae00f240c142d7,Files baseline 99951c66928c4da714da8b1dd46039421182cbab; verify package-specific origin,NOASSERTION,REVIEW_REQUIRED,excluded
src/Files.App/Assets/AppTiles/Release/contrast-black/Square44x44Logo.targetsize-72_altform-lightunplated_contrast-black.png,0c09308c06d8c3e7bc0548cd75360ce414f52a84a666c82961bbb5f45af14ff6,Files baseline 99951c66928c4da714da8b1dd46039421182cbab; verify package-specific origin,NOASSERTION,REVIEW_REQUIRED,excluded
src/Files.App/Assets/AppTiles/Release/contrast-black/Square44x44Logo.targetsize-72_altform-unplated_contrast-black.png,0c09308c06d8c3e7bc0548cd75360ce414f52a84a666c82961bbb5f45af14ff6,Files baseline 99951c66928c4da714da8b1dd46039421182cbab; verify package-specific origin,NOASSERTION,REVIEW_REQUIRED,excluded
src/Files.App/Assets/AppTiles/Release/contrast-black/Square44x44Logo.targetsize-72_contrast-black.png,0c09308c06d8c3e7bc0548cd75360ce414f52a84a666c82961bbb5f45af14ff6,Files baseline 99951c66928c4da714da8b1dd46039421182cbab; verify package-specific origin,NOASSERTION,REVIEW_REQUIRED,excluded
src/Files.App/Assets/AppTiles/Release/contrast-black/Square44x44Logo.targetsize-80_altform-lightunplated_contrast-black.png,1a91d67408522ebaec52c8d614af4e1e843cdd0ca9a296fa6dae4b451643ad57,Files baseline 99951c66928c4da714da8b1dd46039421182cbab; verify package-specific origin,NOASSERTION,REVIEW_REQUIRED,excluded
src/Files.App/Assets/AppTiles/Release/contrast-black/Square44x44Logo.targetsize-80_altform-unplated_contrast-black.png,1a91d67408522ebaec52c8d614af4e1e843cdd0ca9a296fa6dae4b451643ad57,Files baseline 99951c66928c4da714da8b1dd46039421182cbab; verify package-specific origin,NOASSERTION,REVIEW_REQUIRED,excluded
src/Files.App/Assets/AppTiles/Release/contrast-black/Square44x44Logo.targetsize-80_contrast-black.png,1a91d67408522ebaec52c8d614af4e1e843cdd0ca9a296fa6dae4b451643ad57,Files baseline 99951c66928c4da714da8b1dd46039421182cbab; verify package-specific origin,NOASSERTION,REVIEW_REQUIRED,excluded
src/Files.App/Assets/AppTiles/Release/contrast-black/Square44x44Logo.targetsize-96_altform-lightunplated_contrast-black.png,1c32b40462ac0ef967be5a8d8d3886efaa476d3072d827d203c2adb46c1fe29d,Files baseline 99951c66928c4da714da8b1dd46039421182cbab; verify package-specific origin,NOASSERTION,REVIEW_REQUIRED,excluded
src/Files.App/Assets/AppTiles/Release/contrast-black/Square44x44Logo.targetsize-96_altform-unplated_contrast-black.png,1c32b40462ac0ef967be5a8d8d3886efaa476d3072d827d203c2adb46c1fe29d,Files baseline 99951c66928c4da714da8b1dd46039421182cbab; verify package-specific origin,NOASSERTION,REVIEW_REQUIRED,excluded
src/Files.App/Assets/AppTiles/Release/contrast-black/Square44x44Logo.targetsize-96_contrast-black.png,1c32b40462ac0ef967be5a8d8d3886efaa476d3072d827d203c2adb46c1fe29d,Files baseline 99951c66928c4da714da8b1dd46039421182cbab; verify package-specific origin,NOASSERTION,REVIEW_REQUIRED,excluded
src/Files.App/Assets/AppTiles/Release/contrast-black/StoreLogo.scale-100_contrast-black.png,243e45f96bba77382061eb9dfd172e330dddad27512e399e89d147d90fb290be,Files baseline 99951c66928c4da714da8b1dd46039421182cbab; verify package-specific origin,NOASSERTION,REVIEW_REQUIRED,excluded
src/Files.App/Assets/AppTiles/Release/contrast-black/StoreLogo.scale-125_contrast-black.png,38a9bb6b2b4a1b1a8fc768275012b42e5c2b999b4439c800ebe55255cf978f44,Files baseline 99951c66928c4da714da8b1dd46039421182cbab; verify package-specific origin,NOASSERTION,REVIEW_REQUIRED,excluded
src/Files.App/Assets/AppTiles/Release/contrast-black/StoreLogo.scale-150_contrast-black.png,f2d06112a54b1373fb28ed93345565dd163b01dc4437bc83cf4b434f21ab480b,Files baseline 99951c66928c4da714da8b1dd46039421182cbab; verify package-specific origin,NOASSERTION,REVIEW_REQUIRED,excluded
src/Files.App/Assets/AppTiles/Release/contrast-black/StoreLogo.scale-200_contrast-black.png,5f5e20b675d5823df83c5d40d1faef85d0669e72ea594f3e17cd2882a5fdcc9d,Files baseline 99951c66928c4da714da8b1dd46039421182cbab; verify package-specific origin,NOASSERTION,REVIEW_REQUIRED,excluded
src/Files.App/Assets/AppTiles/Release/contrast-black/StoreLogo.scale-400_contrast-black.png,ef2a847b4f44dd41662dad9ec4177994e892ee28d525d08d785a6893402385ee,Files baseline 99951c66928c4da714da8b1dd46039421182cbab; verify package-specific origin,NOASSERTION,REVIEW_REQUIRED,excluded
src/Files.App/Assets/AppTiles/Release/contrast-black/Wide310x150Logo.scale-100_contrast-black.png,0c21df601293bec39473d4a995fb441816b949bd3d9f345314b51c33530e4a78,Files baseline 99951c66928c4da714da8b1dd46039421182cbab; verify package-specific origin,NOASSERTION,REVIEW_REQUIRED,excluded
src/Files.App/Assets/AppTiles/Release/contrast-black/Wide310x150Logo.scale-125_contrast-black.png,9e4b7cc477f44da9afc30693bc80e10aad215ac380bc396043da5d0a121e2ab2,Files baseline 99951c66928c4da714da8b1dd46039421182cbab; verify package-specific origin,NOASSERTION,REVIEW_REQUIRED,excluded
src/Files.App/Assets/AppTiles/Release/contrast-black/Wide310x150Logo.scale-150_contrast-black.png,3ad78ed71248e4f80b6ce9c2e8d6d519ab652c491543b0e9a2b724ff0488014c,Files baseline 99951c66928c4da714da8b1dd46039421182cbab; verify package-specific origin,NOASSERTION,REVIEW_REQUIRED,excluded
src/Files.App/Assets/AppTiles/Release/contrast-black/Wide310x150Logo.scale-200_contrast-black.png,6ebf7be54e822d7ebf0ed2f02239b04749741cc310bac4722b089bc8f755dc63,Files baseline 99951c66928c4da714da8b1dd46039421182cbab; verify package-specific origin,NOASSERTION,REVIEW_REQUIRED,excluded
src/Files.App/Assets/AppTiles/Release/contrast-black/Wide310x150Logo.scale-400_contrast-black.png,d509dd7e39e2f07c09188761559cd9fbc08e9509bcdc15804164759436525c8f,Files baseline 99951c66928c4da714da8b1dd46039421182cbab; verify package-specific origin,NOASSERTION,REVIEW_REQUIRED,excluded
src/Files.App/Assets/AppTiles/Release/contrast-white/BadgeLogo.scale-100_contrast-white.png,a6b32d6219862ca39dd9814cfe4f31b1328f8ef442322d16a873faf1111a1d29,Files baseline 99951c66928c4da714da8b1dd46039421182cbab; verify package-specific origin,NOASSERTION,REVIEW_REQUIRED,excluded
src/Files.App/Assets/AppTiles/Release/contrast-white/BadgeLogo.scale-125_contrast-white.png,ec04d4503a4a55a84700e6e1709efd091fb34d2354153bc58ed61b2c7e1d1601,Files baseline 99951c66928c4da714da8b1dd46039421182cbab; verify package-specific origin,NOASSERTION,REVIEW_REQUIRED,excluded
src/Files.App/Assets/AppTiles/Release/contrast-white/BadgeLogo.scale-150_contrast-white.png,5760614f0729b42895cd9c4f2062d0ccfacc1ca1096f65f8c45964b54598e7cb,Files baseline 99951c66928c4da714da8b1dd46039421182cbab; verify package-specific origin,NOASSERTION,REVIEW_REQUIRED,excluded
src/Files.App/Assets/AppTiles/Release/contrast-white/BadgeLogo.scale-200_contrast-white.png,42c30a5957e1d4a277eaa4e026616a360b20bf9a19cce0b46a9f9669a41f40d0,Files baseline 99951c66928c4da714da8b1dd46039421182cbab; verify package-specific origin,NOASSERTION,REVIEW_REQUIRED,excluded
src/Files.App/Assets/AppTiles/Release/contrast-white/BadgeLogo.scale-400_contrast-white.png,4db7c3d012ea95ace910def059c7eee4eef4768f392812d452ada275b26cb159,Files baseline 99951c66928c4da714da8b1dd46039421182cbab; verify package-specific origin,NOASSERTION,REVIEW_REQUIRED,excluded
src/Files.App/Assets/AppTiles/Release/contrast-white/Large310x310Logo.scale-100_contrast-white.png,5cf5a997bc880631152964545a4a7072151e51ca194acd028ed0881aa5a2f1c1,Files baseline 99951c66928c4da714da8b1dd46039421182cbab; verify package-specific origin,NOASSERTION,REVIEW_REQUIRED,excluded
src/Files.App/Assets/AppTiles/Release/contrast-white/Large310x310Logo.scale-125_contrast-white.png,d0a524b14a146e5b41b26936e247bd1d9e0bd748a6bac597d18e534501369ab9,Files baseline 99951c66928c4da714da8b1dd46039421182cbab; verify package-specific origin,NOASSERTION,REVIEW_REQUIRED,excluded
src/Files.App/Assets/AppTiles/Release/contrast-white/Large310x310Logo.scale-150_contrast-white.png,275a6811dacbbfa7cb10d25384e7463e3ca0ecea83e474b137a082f233aa1743,Files baseline 99951c66928c4da714da8b1dd46039421182cbab; verify package-specific origin,NOASSERTION,REVIEW_REQUIRED,excluded
src/Files.App/Assets/AppTiles/Release/contrast-white/Large310x310Logo.scale-200_contrast-white.png,42ee634b2764573ac48d36fd516b6d4517977e16d9e239612c5f2b689bfe6baa,Files baseline 99951c66928c4da714da8b1dd46039421182cbab; verify package-specific origin,NOASSERTION,REVIEW_REQUIRED,excluded
src/Files.App/Assets/AppTiles/Release/contrast-white/Large310x310Logo.scale-400_contrast-white.png,113dd62a650bd6e4e161ce0406ce3b44b6ecd5f2a55752b8eaf507173433a4c3,Files baseline 99951c66928c4da714da8b1dd46039421182cbab; verify package-specific origin,NOASSERTION,REVIEW_REQUIRED,excluded
src/Files.App/Assets/AppTiles/Release/contrast-white/Small71x71Logo.scale-100_contrast-white.png,e9986d9c6165a1b840945343c8cf3f89442bdc9a521651830aa64cafc45b03ae,Files baseline 99951c66928c4da714da8b1dd46039421182cbab; verify package-specific origin,NOASSERTION,REVIEW_REQUIRED,excluded
src/Files.App/Assets/AppTiles/Release/contrast-white/Small71x71Logo.scale-125_contrast-white.png,3d82d5ab934c0f07300ed31fbd36b3da39c4507d0d944b83a223cd5be0e4ec53,Files baseline 99951c66928c4da714da8b1dd46039421182cbab; verify package-specific origin,NOASSERTION,REVIEW_REQUIRED,excluded
src/Files.App/Assets/AppTiles/Release/contrast-white/Small71x71Logo.scale-150_contrast-white.png,8301b420a49e30c04e45df6affdce1883ca4708b4afa55907591f0c910a11214,Files baseline 99951c66928c4da714da8b1dd46039421182cbab; verify package-specific origin,NOASSERTION,REVIEW_REQUIRED,excluded
src/Files.App/Assets/AppTiles/Release/contrast-white/Small71x71Logo.scale-200_contrast-white.png,0f32046d20c1ed71bf0774fabf3a95fb1a7a29d969340dce979217f1a24493b9,Files baseline 99951c66928c4da714da8b1dd46039421182cbab; verify package-specific origin,NOASSERTION,REVIEW_REQUIRED,excluded
src/Files.App/Assets/AppTiles/Release/contrast-white/Small71x71Logo.scale-400_contrast-white.png,5e3f5f900c3e3b5d6719ee06d48d980746553aa1ba851c6d8b3472960c3f0a4f,Files baseline 99951c66928c4da714da8b1dd46039421182cbab; verify package-specific origin,NOASSERTION,REVIEW_REQUIRED,excluded
src/Files.App/Assets/AppTiles/Release/contrast-white/SplashScreen.scale-100_contrast-white.png,068b9f05a672c18cbacc794a6e8605bb722533f18f9c8c9aa157632c5724b1ed,Files baseline 99951c66928c4da714da8b1dd46039421182cbab; verify package-specific origin,NOASSERTION,REVIEW_REQUIRED,excluded
src/Files.App/Assets/AppTiles/Release/contrast-white/SplashScreen.scale-125_contrast-white.png,9bd874802f322e386553a2ac3a6753a9006cb0a528908e3494ef68e25e4c07e6,Files baseline 99951c66928c4da714da8b1dd46039421182cbab; verify package-specific origin,NOASSERTION,REVIEW_REQUIRED,excluded
src/Files.App/Assets/AppTiles/Release/contrast-white/SplashScreen.scale-150_contrast-white.png,feb2553d6a67980a5fb2be9ce97aaba089292946997bde5e000954678c819e89,Files baseline 99951c66928c4da714da8b1dd46039421182cbab; verify package-specific origin,NOASSERTION,REVIEW_REQUIRED,excluded
src/Files.App/Assets/AppTiles/Release/contrast-white/SplashScreen.scale-200_contrast-white.png,70e078b2a465e54b453cb73bf387b11f83b8d67546fd8501994d53ed21f90a18,Files baseline 99951c66928c4da714da8b1dd46039421182cbab; verify package-specific origin,NOASSERTION,REVIEW_REQUIRED,excluded
src/Files.App/Assets/AppTiles/Release/contrast-white/SplashScreen.scale-400_contrast-white.png,d2c15e192ca08fef5b7060ad3423e4c5af50a6d9c03426171255e310b29cd676,Files baseline 99951c66928c4da714da8b1dd46039421182cbab; verify package-specific origin,NOASSERTION,REVIEW_REQUIRED,excluded
src/Files.App/Assets/AppTiles/Release/contrast-white/Square150x150Logo.scale-100_contrast-white.png,0c3d1783e5dfb99b835cf283954bb68de2e37e7e8416fe3fbacc631e327c0fbb,Files baseline 99951c66928c4da714da8b1dd46039421182cbab; verify package-specific origin,NOASSERTION,REVIEW_REQUIRED,excluded
src/Files.App/Assets/AppTiles/Release/contrast-white/Square150x150Logo.scale-125_contrast-white.png,239aceb6a99bf12e7438a3385ac612a77eb384e320b3a63dca53f8f887ee8179,Files baseline 99951c66928c4da714da8b1dd46039421182cbab; verify package-specific origin,NOASSERTION,REVIEW_REQUIRED,excluded
src/Files.App/Assets/AppTiles/Release/contrast-white/Square150x150Logo.scale-150_contrast-white.png,522ecd991187287067093fac740ca11968ef321d24aae0082a62dcb8bcc7353a,Files baseline 99951c66928c4da714da8b1dd46039421182cbab; verify package-specific origin,NOASSERTION,REVIEW_REQUIRED,excluded
src/Files.App/Assets/AppTiles/Release/contrast-white/Square150x150Logo.scale-200_contrast-white.png,55206b86e114401733ec12dc24dafb7043ff82fee226a0d9ffccc375592c8d33,Files baseline 99951c66928c4da714da8b1dd46039421182cbab; verify package-specific origin,NOASSERTION,REVIEW_REQUIRED,excluded
src/Files.App/Assets/AppTiles/Release/contrast-white/Square150x150Logo.scale-400_contrast-white.png,a2d4124538ce0733fab18044a14325c95d0824be6fbe50ac49f48ca0f02ef3ed,Files baseline 99951c66928c4da714da8b1dd46039421182cbab; verify package-specific origin,NOASSERTION,REVIEW_REQUIRED,excluded
src/Files.App/Assets/AppTiles/Release/contrast-white/Square44x44Logo.scale-100_contrast-white.png,d07a53265cd3f7cf8d625fa8146de69858d85cc39055ee727420adc61817af85,Files baseline 99951c66928c4da714da8b1dd46039421182cbab; verify package-specific origin,NOASSERTION,REVIEW_REQUIRED,excluded
src/Files.App/Assets/AppTiles/Release/contrast-white/Square44x44Logo.scale-125_contrast-white.png,9974ee6e662ca812cccb825de02f10b0591eb5ee40cd61480f14c6f5ecf477f5,Files baseline 99951c66928c4da714da8b1dd46039421182cbab; verify package-specific origin,NOASSERTION,REVIEW_REQUIRED,excluded
src/Files.App/Assets/AppTiles/Release/contrast-white/Square44x44Logo.scale-150_contrast-white.png,8216c24aa0f3c0dde2721e4f67e57089e9e00fad138897ac041b7d8079bf0f88,Files baseline 99951c66928c4da714da8b1dd46039421182cbab; verify package-specific origin,NOASSERTION,REVIEW_REQUIRED,excluded
src/Files.App/Assets/AppTiles/Release/contrast-white/Square44x44Logo.scale-200_contrast-white.png,eb760686549dc388bb123d62ec3a4ec7d75aebf667aad9430c7707c4a577a399,Files baseline 99951c66928c4da714da8b1dd46039421182cbab; verify package-specific origin,NOASSERTION,REVIEW_REQUIRED,excluded
src/Files.App/Assets/AppTiles/Release/contrast-white/Square44x44Logo.scale-400_contrast-white.png,c59116f3ad81cce52e39e8f0ad0a4151331137c93372b844b48582e711287c53,Files baseline 99951c66928c4da714da8b1dd46039421182cbab; verify package-specific origin,NOASSERTION,REVIEW_REQUIRED,excluded
src/Files.App/Assets/AppTiles/Release/contrast-white/Square44x44Logo.targetsize-16_altform-lightunplated_contrast-white.png,a2c6195e58a52d5d3c8d100c055c615498fc7f62b6cf37df18af14e85ff1e6bb,Files baseline 99951c66928c4da714da8b1dd46039421182cbab; verify package-specific origin,NOASSERTION,REVIEW_REQUIRED,excluded
src/Files.App/Assets/AppTiles/Release/contrast-white/Square44x44Logo.targetsize-16_altform-unplated_contrast-white.png,a2c6195e58a52d5d3c8d100c055c615498fc7f62b6cf37df18af14e85ff1e6bb,Files baseline 99951c66928c4da714da8b1dd46039421182cbab; verify package-specific origin,NOASSERTION,REVIEW_REQUIRED,excluded
src/Files.App/Assets/AppTiles/Release/contrast-white/Square44x44Logo.targetsize-16_contrast-white.png,a2c6195e58a52d5d3c8d100c055c615498fc7f62b6cf37df18af14e85ff1e6bb,Files baseline 99951c66928c4da714da8b1dd46039421182cbab; verify package-specific origin,NOASSERTION,REVIEW_REQUIRED,excluded
src/Files.App/Assets/AppTiles/Release/contrast-white/Square44x44Logo.targetsize-20_altform-lightunplated_contrast-white.png,0e219d6b778dea5adc05cf875c9ca528fc2c54b99edb93c70d2cfe1027bc8d3d,Files baseline 99951c66928c4da714da8b1dd46039421182cbab; verify package-specific origin,NOASSERTION,REVIEW_REQUIRED,excluded
src/Files.App/Assets/AppTiles/Release/contrast-white/Square44x44Logo.targetsize-20_altform-unplated_contrast-white.png,0e219d6b778dea5adc05cf875c9ca528fc2c54b99edb93c70d2cfe1027bc8d3d,Files baseline 99951c66928c4da714da8b1dd46039421182cbab; verify package-specific origin,NOASSERTION,REVIEW_REQUIRED,excluded
src/Files.App/Assets/AppTiles/Release/contrast-white/Square44x44Logo.targetsize-20_contrast-white.png,0e219d6b778dea5adc05cf875c9ca528fc2c54b99edb93c70d2cfe1027bc8d3d,Files baseline 99951c66928c4da714da8b1dd46039421182cbab; verify package-specific origin,NOASSERTION,REVIEW_REQUIRED,excluded
src/Files.App/Assets/AppTiles/Release/contrast-white/Square44x44Logo.targetsize-24_altform-lightunplated_contrast-white.png,a6b32d6219862ca39dd9814cfe4f31b1328f8ef442322d16a873faf1111a1d29,Files baseline 99951c66928c4da714da8b1dd46039421182cbab; verify package-specific origin,NOASSERTION,REVIEW_REQUIRED,excluded
src/Files.App/Assets/AppTiles/Release/contrast-white/Square44x44Logo.targetsize-24_altform-unplated_contrast-white.png,a6b32d6219862ca39dd9814cfe4f31b1328f8ef442322d16a873faf1111a1d29,Files baseline 99951c66928c4da714da8b1dd46039421182cbab; verify package-specific origin,NOASSERTION,REVIEW_REQUIRED,excluded
src/Files.App/Assets/AppTiles/Release/contrast-white/Square44x44Logo.targetsize-24_contrast-white.png,a6b32d6219862ca39dd9814cfe4f31b1328f8ef442322d16a873faf1111a1d29,Files baseline 99951c66928c4da714da8b1dd46039421182cbab; verify package-specific origin,NOASSERTION,REVIEW_REQUIRED,excluded
src/Files.App/Assets/AppTiles/Release/contrast-white/Square44x44Logo.targetsize-256_altform-lightunplated_contrast-white.png,86a92ecee9d50f2bf0c38baaefd29a11f7bbc1b85ec5da1c106f2cf41ac567f1,Files baseline 99951c66928c4da714da8b1dd46039421182cbab; verify package-specific origin,NOASSERTION,REVIEW_REQUIRED,excluded
src/Files.App/Assets/AppTiles/Release/contrast-white/Square44x44Logo.targetsize-256_altform-unplated_contrast-white.png,86a92ecee9d50f2bf0c38baaefd29a11f7bbc1b85ec5da1c106f2cf41ac567f1,Files baseline 99951c66928c4da714da8b1dd46039421182cbab; verify package-specific origin,NOASSERTION,REVIEW_REQUIRED,excluded
src/Files.App/Assets/AppTiles/Release/contrast-white/Square44x44Logo.targetsize-256_contrast-white.png,86a92ecee9d50f2bf0c38baaefd29a11f7bbc1b85ec5da1c106f2cf41ac567f1,Files baseline 99951c66928c4da714da8b1dd46039421182cbab; verify package-specific origin,NOASSERTION,REVIEW_REQUIRED,excluded
src/Files.App/Assets/AppTiles/Release/contrast-white/Square44x44Logo.targetsize-30_altform-lightunplated_contrast-white.png,0d3b2824c36614d494f72797c9cd0e9b938851927c4d976fc60cd99dfd9d6d11,Files baseline 99951c66928c4da714da8b1dd46039421182cbab; verify package-specific origin,NOASSERTION,REVIEW_REQUIRED,excluded
src/Files.App/Assets/AppTiles/Release/contrast-white/Square44x44Logo.targetsize-30_altform-unplated_contrast-white.png,0d3b2824c36614d494f72797c9cd0e9b938851927c4d976fc60cd99dfd9d6d11,Files baseline 99951c66928c4da714da8b1dd46039421182cbab; verify package-specific origin,NOASSERTION,REVIEW_REQUIRED,excluded
src/Files.App/Assets/AppTiles/Release/contrast-white/Square44x44Logo.targetsize-30_contrast-white.png,0d3b2824c36614d494f72797c9cd0e9b938851927c4d976fc60cd99dfd9d6d11,Files baseline 99951c66928c4da714da8b1dd46039421182cbab; verify package-specific origin,NOASSERTION,REVIEW_REQUIRED,excluded
src/Files.App/Assets/AppTiles/Release/contrast-white/Square44x44Logo.targetsize-32_altform-lightunplated_contrast-white.png,209f37bccf158392cd5962a243d6aa8c7f4a007134e953a37880c37beb311da2,Files baseline 99951c66928c4da714da8b1dd46039421182cbab; verify package-specific origin,NOASSERTION,REVIEW_REQUIRED,excluded
src/Files.App/Assets/AppTiles/Release/contrast-white/Square44x44Logo.targetsize-32_altform-unplated_contrast-white.png,209f37bccf158392cd5962a243d6aa8c7f4a007134e953a37880c37beb311da2,Files baseline 99951c66928c4da714da8b1dd46039421182cbab; verify package-specific origin,NOASSERTION,REVIEW_REQUIRED,excluded
src/Files.App/Assets/AppTiles/Release/contrast-white/Square44x44Logo.targetsize-32_contrast-white.png,209f37bccf158392cd5962a243d6aa8c7f4a007134e953a37880c37beb311da2,Files baseline 99951c66928c4da714da8b1dd46039421182cbab; verify package-specific origin,NOASSERTION,REVIEW_REQUIRED,excluded
src/Files.App/Assets/AppTiles/Release/contrast-white/Square44x44Logo.targetsize-36_altform-lightunplated_contrast-white.png,63eda801ef3587f5ec7a8d0a04cb3fc4064b0eb331b312b484e7a46cc3d7e830,Files baseline 99951c66928c4da714da8b1dd46039421182cbab; verify package-specific origin,NOASSERTION,REVIEW_REQUIRED,excluded
src/Files.App/Assets/AppTiles/Release/contrast-white/Square44x44Logo.targetsize-36_altform-unplated_contrast-white.png,63eda801ef3587f5ec7a8d0a04cb3fc4064b0eb331b312b484e7a46cc3d7e830,Files baseline 99951c66928c4da714da8b1dd46039421182cbab; verify package-specific origin,NOASSERTION,REVIEW_REQUIRED,excluded
src/Files.App/Assets/AppTiles/Release/contrast-white/Square44x44Logo.targetsize-36_contrast-white.png,63eda801ef3587f5ec7a8d0a04cb3fc4064b0eb331b312b484e7a46cc3d7e830,Files baseline 99951c66928c4da714da8b1dd46039421182cbab; verify package-specific origin,NOASSERTION,REVIEW_REQUIRED,excluded
src/Files.App/Assets/AppTiles/Release/contrast-white/Square44x44Logo.targetsize-40_altform-lightunplated_contrast-white.png,8a223124533536f11b0480e6393990d59aa7db5fc8632d420bec9a63471350de,Files baseline 99951c66928c4da714da8b1dd46039421182cbab; verify package-specific origin,NOASSERTION,REVIEW_REQUIRED,excluded
src/Files.App/Assets/AppTiles/Release/contrast-white/Square44x44Logo.targetsize-40_altform-unplated_contrast-white.png,8a223124533536f11b0480e6393990d59aa7db5fc8632d420bec9a63471350de,Files baseline 99951c66928c4da714da8b1dd46039421182cbab; verify package-specific origin,NOASSERTION,REVIEW_REQUIRED,excluded
src/Files.App/Assets/AppTiles/Release/contrast-white/Square44x44Logo.targetsize-40_contrast-white.png,8a223124533536f11b0480e6393990d59aa7db5fc8632d420bec9a63471350de,Files baseline 99951c66928c4da714da8b1dd46039421182cbab; verify package-specific origin,NOASSERTION,REVIEW_REQUIRED,excluded
src/Files.App/Assets/AppTiles/Release/contrast-white/Square44x44Logo.targetsize-48_altform-lightunplated_contrast-white.png,82c89314d55752ab9458c1e7480806498dbd0971a4c6d7cbe1a79498aca5ffea,Files baseline 99951c66928c4da714da8b1dd46039421182cbab; verify package-specific origin,NOASSERTION,REVIEW_REQUIRED,excluded
src/Files.App/Assets/AppTiles/Release/contrast-white/Square44x44Logo.targetsize-48_altform-unplated_contrast-white.png,82c89314d55752ab9458c1e7480806498dbd0971a4c6d7cbe1a79498aca5ffea,Files baseline 99951c66928c4da714da8b1dd46039421182cbab; verify package-specific origin,NOASSERTION,REVIEW_REQUIRED,excluded
src/Files.App/Assets/AppTiles/Release/contrast-white/Square44x44Logo.targetsize-48_contrast-white.png,82c89314d55752ab9458c1e7480806498dbd0971a4c6d7cbe1a79498aca5ffea,Files baseline 99951c66928c4da714da8b1dd46039421182cbab; verify package-specific origin,NOASSERTION,REVIEW_REQUIRED,excluded
src/Files.App/Assets/AppTiles/Release/contrast-white/Square44x44Logo.targetsize-60_altform-lightunplated_contrast-white.png,1e072bb8d47ae0a5f21d5c64a02e210b04230bb142a2401f378a610be77e6b20,Files baseline 99951c66928c4da714da8b1dd46039421182cbab; verify package-specific origin,NOASSERTION,REVIEW_REQUIRED,excluded
src/Files.App/Assets/AppTiles/Release/contrast-white/Square44x44Logo.targetsize-60_altform-unplated_contrast-white.png,1e072bb8d47ae0a5f21d5c64a02e210b04230bb142a2401f378a610be77e6b20,Files baseline 99951c66928c4da714da8b1dd46039421182cbab; verify package-specific origin,NOASSERTION,REVIEW_REQUIRED,excluded
src/Files.App/Assets/AppTiles/Release/contrast-white/Square44x44Logo.targetsize-60_contrast-white.png,1e072bb8d47ae0a5f21d5c64a02e210b04230bb142a2401f378a610be77e6b20,Files baseline 99951c66928c4da714da8b1dd46039421182cbab; verify package-specific origin,NOASSERTION,REVIEW_REQUIRED,excluded
src/Files.App/Assets/AppTiles/Release/contrast-white/Square44x44Logo.targetsize-64_altform-lightunplated_contrast-white.png,dcf478d40370aed7ca18b99c25c528b30a7bb7bc541e25e13150a0bd9c1f79ae,Files baseline 99951c66928c4da714da8b1dd46039421182cbab; verify package-specific origin,NOASSERTION,REVIEW_REQUIRED,excluded
src/Files.App/Assets/AppTiles/Release/contrast-white/Square44x44Logo.targetsize-64_altform-unplated_contrast-white.png,dcf478d40370aed7ca18b99c25c528b30a7bb7bc541e25e13150a0bd9c1f79ae,Files baseline 99951c66928c4da714da8b1dd46039421182cbab; verify package-specific origin,NOASSERTION,REVIEW_REQUIRED,excluded
src/Files.App/Assets/AppTiles/Release/contrast-white/Square44x44Logo.targetsize-64_contrast-white.png,dcf478d40370aed7ca18b99c25c528b30a7bb7bc541e25e13150a0bd9c1f79ae,Files baseline 99951c66928c4da714da8b1dd46039421182cbab; verify package-specific origin,NOASSERTION,REVIEW_REQUIRED,excluded
src/Files.App/Assets/AppTiles/Release/contrast-white/Square44x44Logo.targetsize-72_altform-lightunplated_contrast-white.png,e8bbd100d92313baa17fda60b3a121bf56fda79888c07b588711e1b7be18045f,Files baseline 99951c66928c4da714da8b1dd46039421182cbab; verify package-specific origin,NOASSERTION,REVIEW_REQUIRED,excluded
src/Files.App/Assets/AppTiles/Release/contrast-white/Square44x44Logo.targetsize-72_altform-unplated_contrast-white.png,e8bbd100d92313baa17fda60b3a121bf56fda79888c07b588711e1b7be18045f,Files baseline 99951c66928c4da714da8b1dd46039421182cbab; verify package-specific origin,NOASSERTION,REVIEW_REQUIRED,excluded
src/Files.App/Assets/AppTiles/Release/contrast-white/Square44x44Logo.targetsize-72_contrast-white.png,e8bbd100d92313baa17fda60b3a121bf56fda79888c07b588711e1b7be18045f,Files baseline 99951c66928c4da714da8b1dd46039421182cbab; verify package-specific origin,NOASSERTION,REVIEW_REQUIRED,excluded
src/Files.App/Assets/AppTiles/Release/contrast-white/Square44x44Logo.targetsize-80_altform-lightunplated_contrast-white.png,f4389b53453a11319877ad3d625c6eb3792157bed6843859e10a9d875a35ce6e,Files baseline 99951c66928c4da714da8b1dd46039421182cbab; verify package-specific origin,NOASSERTION,REVIEW_REQUIRED,excluded
src/Files.App/Assets/AppTiles/Release/contrast-white/Square44x44Logo.targetsize-80_altform-unplated_contrast-white.png,f4389b53453a11319877ad3d625c6eb3792157bed6843859e10a9d875a35ce6e,Files baseline 99951c66928c4da714da8b1dd46039421182cbab; verify package-specific origin,NOASSERTION,REVIEW_REQUIRED,excluded
src/Files.App/Assets/AppTiles/Release/contrast-white/Square44x44Logo.targetsize-80_contrast-white.png,f4389b53453a11319877ad3d625c6eb3792157bed6843859e10a9d875a35ce6e,Files baseline 99951c66928c4da714da8b1dd46039421182cbab; verify package-specific origin,NOASSERTION,REVIEW_REQUIRED,excluded
src/Files.App/Assets/AppTiles/Release/contrast-white/Square44x44Logo.targetsize-96_altform-lightunplated_contrast-white.png,64fdecc38fa2c63d57271646eebd8052cf7d65ac6080cfc891328d297ec5d3b3,Files baseline 99951c66928c4da714da8b1dd46039421182cbab; verify package-specific origin,NOASSERTION,REVIEW_REQUIRED,excluded
src/Files.App/Assets/AppTiles/Release/contrast-white/Square44x44Logo.targetsize-96_altform-unplated_contrast-white.png,64fdecc38fa2c63d57271646eebd8052cf7d65ac6080cfc891328d297ec5d3b3,Files baseline 99951c66928c4da714da8b1dd46039421182cbab; verify package-specific origin,NOASSERTION,REVIEW_REQUIRED,excluded
src/Files.App/Assets/AppTiles/Release/contrast-white/Square44x44Logo.targetsize-96_contrast-white.png,64fdecc38fa2c63d57271646eebd8052cf7d65ac6080cfc891328d297ec5d3b3,Files baseline 99951c66928c4da714da8b1dd46039421182cbab; verify package-specific origin,NOASSERTION,REVIEW_REQUIRED,excluded
src/Files.App/Assets/AppTiles/Release/contrast-white/StoreLogo.scale-100_contrast-white.png,1b6fb499faffa7ca9e278a84eaae1162dd7dc92c60b93d5ca78e238a9dd9f85b,Files baseline 99951c66928c4da714da8b1dd46039421182cbab; verify package-specific origin,NOASSERTION,REVIEW_REQUIRED,excluded
src/Files.App/Assets/AppTiles/Release/contrast-white/StoreLogo.scale-125_contrast-white.png,eb68c0f5a203a8e4540089baf4f8cba04b13695849a330a18c98cdab4a38c4f5,Files baseline 99951c66928c4da714da8b1dd46039421182cbab; verify package-specific origin,NOASSERTION,REVIEW_REQUIRED,excluded
src/Files.App/Assets/AppTiles/Release/contrast-white/StoreLogo.scale-150_contrast-white.png,5f77151f7bf085712f0795cd98b16e029c736c38d92a87b8f6647240833a4adc,Files baseline 99951c66928c4da714da8b1dd46039421182cbab; verify package-specific origin,NOASSERTION,REVIEW_REQUIRED,excluded
src/Files.App/Assets/AppTiles/Release/contrast-white/StoreLogo.scale-200_contrast-white.png,ca4687e435b869d44b99c3212c26f3f9ed3e82e5dad2d7e3c898ded21a80eeef,Files baseline 99951c66928c4da714da8b1dd46039421182cbab; verify package-specific origin,NOASSERTION,REVIEW_REQUIRED,excluded
src/Files.App/Assets/AppTiles/Release/contrast-white/StoreLogo.scale-400_contrast-white.png,6ddfdf2320f956135310c5571034443b601bc20ecd6f9dab86a7e513836b7136,Files baseline 99951c66928c4da714da8b1dd46039421182cbab; verify package-specific origin,NOASSERTION,REVIEW_REQUIRED,excluded
src/Files.App/Assets/AppTiles/Release/contrast-white/Wide310x150Logo.scale-100_contrast-white.png,e073122435a17101e8826d4bb5cddf18fb681891f618adfd8358bd0f2d90917c,Files baseline 99951c66928c4da714da8b1dd46039421182cbab; verify package-specific origin,NOASSERTION,REVIEW_REQUIRED,excluded
src/Files.App/Assets/AppTiles/Release/contrast-white/Wide310x150Logo.scale-125_contrast-white.png,a8ef0b92688e9c4a0c07af06a26a874ed885d98db5b9c700bbd537b5a7a71aec,Files baseline 99951c66928c4da714da8b1dd46039421182cbab; verify package-specific origin,NOASSERTION,REVIEW_REQUIRED,excluded
src/Files.App/Assets/AppTiles/Release/contrast-white/Wide310x150Logo.scale-150_contrast-white.png,f17a11e29d104bfb9622f016428a1b0a137178f7cb748dfd871f8562a0739898,Files baseline 99951c66928c4da714da8b1dd46039421182cbab; verify package-specific origin,NOASSERTION,REVIEW_REQUIRED,excluded
src/Files.App/Assets/AppTiles/Release/contrast-white/Wide310x150Logo.scale-200_contrast-white.png,79cd66f89ee7f78789d1a59a5c6f54ecb8762a3281672fa3492ccf8a987fd91b,Files baseline 99951c66928c4da714da8b1dd46039421182cbab; verify package-specific origin,NOASSERTION,REVIEW_REQUIRED,excluded
src/Files.App/Assets/AppTiles/Release/contrast-white/Wide310x150Logo.scale-400_contrast-white.png,e89eebc2acdb92f7c7f259867be8e9bc6f9217151bcf88ffdd07049d2dce4897,Files baseline 99951c66928c4da714da8b1dd46039421182cbab; verify package-specific origin,NOASSERTION,REVIEW_REQUIRED,excluded
src/Files.App/Assets/Archives/ExtensionIcon.png,7492723d9b19bea0580f2f1055c8494f28b8bb0223859d7f76936a13aacbe2e8,Files baseline 99951c66928c4da714da8b1dd46039421182cbab; verify package-specific origin,NOASSERTION,REVIEW_REQUIRED,REVIEW_REQUIRED
src/Files.App/Assets/Archives/ExtensionIcon.targetsize-16.png,d5601404a56ff08ebc32458de8fac5b39dab14bce69444707380d00bfd6438c0,Files baseline 99951c66928c4da714da8b1dd46039421182cbab; verify package-specific origin,NOASSERTION,REVIEW_REQUIRED,REVIEW_REQUIRED
src/Files.App/Assets/Archives/ExtensionIcon.targetsize-20.png,1ae7bc538499fdd9ee18e3839efcf1ee90c86b52e28f17e51b05b35e2461b0c8,Files baseline 99951c66928c4da714da8b1dd46039421182cbab; verify package-specific origin,NOASSERTION,REVIEW_REQUIRED,REVIEW_REQUIRED
src/Files.App/Assets/Archives/ExtensionIcon.targetsize-24.png,064cf7bebb1c2b35bac5fa4da1520785992a1bd071ec8322d053aabc51ba1d78,Files baseline 99951c66928c4da714da8b1dd46039421182cbab; verify package-specific origin,NOASSERTION,REVIEW_REQUIRED,REVIEW_REQUIRED
src/Files.App/Assets/Archives/ExtensionIcon.targetsize-256.png,c12294fd3f938e20fd4a97094035fcdd30de7c36cc5d28e7faec368935d8a70a,Files baseline 99951c66928c4da714da8b1dd46039421182cbab; verify package-specific origin,NOASSERTION,REVIEW_REQUIRED,REVIEW_REQUIRED
src/Files.App/Assets/Archives/ExtensionIcon.targetsize-32.png,edcf386ee8f492b99f7647237660f1aea620d1c2bcfe2592c0d0d39e1eb9cc28,Files baseline 99951c66928c4da714da8b1dd46039421182cbab; verify package-specific origin,NOASSERTION,REVIEW_REQUIRED,REVIEW_REQUIRED
src/Files.App/Assets/Archives/ExtensionIcon.targetsize-40.png,1748bd82a67bd59a219ef578d433b4baa6df7b6aa480d9e21375a70ea1d76e18,Files baseline 99951c66928c4da714da8b1dd46039421182cbab; verify package-specific origin,NOASSERTION,REVIEW_REQUIRED,REVIEW_REQUIRED
src/Files.App/Assets/Archives/ExtensionIcon.targetsize-48.png,7492723d9b19bea0580f2f1055c8494f28b8bb0223859d7f76936a13aacbe2e8,Files baseline 99951c66928c4da714da8b1dd46039421182cbab; verify package-specific origin,NOASSERTION,REVIEW_REQUIRED,REVIEW_REQUIRED
src/Files.App/Assets/Archives/ExtensionIcon.targetsize-64.png,baac4dcb6b1f86813b6aec784f770d75b3adad26a59326e957341351a32bb3ff,Files baseline 99951c66928c4da714da8b1dd46039421182cbab; verify package-specific origin,NOASSERTION,REVIEW_REQUIRED,REVIEW_REQUIRED
src/Files.App/Assets/FileQuay/FileQuay.svg,ca5d580b95fa8ae2622c32214cab02931122871f5dbf50dc8dd9a6cd8e971e2c,Trieflow LLC,MIT,src/Files.App/Assets/FileQuay/NOTICE.md,include
src/Files.App/Assets/FileQuay/Logo.ico,e17d3e33630c9f54f134a435d569883814d40c9e4a063fe1cc3114c47bf65251,Trieflow LLC,MIT,src/Files.App/Assets/FileQuay/NOTICE.md,include
src/Files.App/Assets/FileQuay/NOTICE.md,2c7f2ecc7596478a9f6692ae5adcac8deabb9e5ff7a10a6049c939ad92939047,Trieflow LLC,MIT,src/Files.App/Assets/FileQuay/NOTICE.md,include
src/Files.App/Assets/FileQuay/SplashScreen.png,f781becc4ae08c89c853be3ae6dfcf9e5d57306ce5ee085596a4c207f83921b9,Trieflow LLC,MIT,src/Files.App/Assets/FileQuay/NOTICE.md,include
src/Files.App/Assets/FileQuay/Square150x150Logo.png,19ae4c29c559f449646b30a254d8e8244ba7f6c2d22774baf522feca18f3bc69,Trieflow LLC,MIT,src/Files.App/Assets/FileQuay/NOTICE.md,include
src/Files.App/Assets/FileQuay/Square310x310Logo.png,aa9ce4591889af82b5cdff2dc71df074100b6d8b5d48de2785e565e8c9a67321,Trieflow LLC,MIT,src/Files.App/Assets/FileQuay/NOTICE.md,include
src/Files.App/Assets/FileQuay/Square44x44Logo.png,68580d27234f17dd77a785cd68f9977c44bca160d7e9d84d107d6b46a7f9e8a9,Trieflow LLC,MIT,src/Files.App/Assets/FileQuay/NOTICE.md,include
src/Files.App/Assets/FileQuay/Square71x71Logo.png,8967dd7b84d25b5052b1b8946cb2ee5e0ed6005b2e4933437c676d28ffd659c4,Trieflow LLC,MIT,src/Files.App/Assets/FileQuay/NOTICE.md,include
src/Files.App/Assets/FileQuay/StoreLogo.png,e01025ecb5ed66d06b454baac8cd00bf362761956893f68909ab7364af8ff805,Trieflow LLC,MIT,src/Files.App/Assets/FileQuay/NOTICE.md,include
src/Files.App/Assets/FileQuay/Wide310x150Logo.png,fc1894d75b61dc6031688edb4984d5ad9e3fcf1a29a43435e06f1f9f4db91449,Trieflow LLC,MIT,src/Files.App/Assets/FileQuay/NOTICE.md,include
src/Files.App/Assets/FilesOpenDialog/SetFilesAsDefault.reg,05d26d4ae8c98da95e18e68816c29ddebc236d3a7b72076824ab5bd72470145f,Files baseline 99951c66928c4da714da8b1dd46039421182cbab; verify package-specific origin,NOASSERTION,REVIEW_REQUIRED,excluded
src/Files.App/Assets/FilesOpenDialog/UnsetFilesAsDefault.reg,d8e46ade5bb9b221cced7b0ddb63d784cc4be128bab638092d1d1495c7b542f6,Files baseline 99951c66928c4da714da8b1dd46039421182cbab; verify package-specific origin,NOASSERTION,REVIEW_REQUIRED,excluded
src/Files.App/Assets/FluentIcons/SidebarSections/CloudDrives-Black.scale-100.png,3212a0d7a2e5545c9336411da238a2d4064c11ef6e648bc42f02000d81e09159,Files baseline 99951c66928c4da714da8b1dd46039421182cbab; verify package-specific origin,NOASSERTION,REVIEW_REQUIRED,REVIEW_REQUIRED
src/Files.App/Assets/FluentIcons/SidebarSections/CloudDrives-Black.scale-125.png,a8c480c973b344b2dc4818a784de0df0a3673a09a056d85ce36c8aee24ed079d,Files baseline 99951c66928c4da714da8b1dd46039421182cbab; verify package-specific origin,NOASSERTION,REVIEW_REQUIRED,REVIEW_REQUIRED
src/Files.App/Assets/FluentIcons/SidebarSections/CloudDrives-Black.scale-150.png,c61a33d1ab126e1854f038089aa2fd14a2d5cd764f3a618e99453fcf79a77b4c,Files baseline 99951c66928c4da714da8b1dd46039421182cbab; verify package-specific origin,NOASSERTION,REVIEW_REQUIRED,REVIEW_REQUIRED
src/Files.App/Assets/FluentIcons/SidebarSections/CloudDrives-Black.scale-200.png,2387c0d3db37f0123fa78cf6d143248625506bebaf4400d760ae880d09554320,Files baseline 99951c66928c4da714da8b1dd46039421182cbab; verify package-specific origin,NOASSERTION,REVIEW_REQUIRED,REVIEW_REQUIRED
src/Files.App/Assets/FluentIcons/SidebarSections/CloudDrives-Black.scale-400.png,e98908ceb472c8a6e0201532e38483036fef09d299c036447c768698eefbcd39,Files baseline 99951c66928c4da714da8b1dd46039421182cbab; verify package-specific origin,NOASSERTION,REVIEW_REQUIRED,REVIEW_REQUIRED
src/Files.App/Assets/FluentIcons/SidebarSections/CloudDrives-White.scale-100.png,990f6c9b41ce02305142d54fb0b203cbf9385d9ee82e2ef5badefb1bbc4d7838,Files baseline 99951c66928c4da714da8b1dd46039421182cbab; verify package-specific origin,NOASSERTION,REVIEW_REQUIRED,REVIEW_REQUIRED
src/Files.App/Assets/FluentIcons/SidebarSections/CloudDrives-White.scale-125.png,00cef6eb6a52b2591e5ad7cadf0ab1e4c241a7c3b7798a5b524f7c53cfd67b75,Files baseline 99951c66928c4da714da8b1dd46039421182cbab; verify package-specific origin,NOASSERTION,REVIEW_REQUIRED,REVIEW_REQUIRED
src/Files.App/Assets/FluentIcons/SidebarSections/CloudDrives-White.scale-150.png,98f24b0f6d108f4aa78fa3b34865073e3f4923c823f0c4692271d12edc7d8160,Files baseline 99951c66928c4da714da8b1dd46039421182cbab; verify package-specific origin,NOASSERTION,REVIEW_REQUIRED,REVIEW_REQUIRED
src/Files.App/Assets/FluentIcons/SidebarSections/CloudDrives-White.scale-200.png,5c5e4eb0735e653e8cefafe08a3a24acdffb1a98b60cfc46687721f1914408bc,Files baseline 99951c66928c4da714da8b1dd46039421182cbab; verify package-specific origin,NOASSERTION,REVIEW_REQUIRED,REVIEW_REQUIRED
src/Files.App/Assets/FluentIcons/SidebarSections/CloudDrives-White.scale-400.png,a6271368f363515885d1b26a5909c209890124459e22a3ff281ff7395ec44e18,Files baseline 99951c66928c4da714da8b1dd46039421182cbab; verify package-specific origin,NOASSERTION,REVIEW_REQUIRED,REVIEW_REQUIRED
src/Files.App/Assets/FluentIcons/SidebarSections/CloudDrives.scale-100.png,900da69b2fc79cfc514e62d954dd97392dcfcf0e0fae685d9c9c8cb43c717c88,Files baseline 99951c66928c4da714da8b1dd46039421182cbab; verify package-specific origin,NOASSERTION,REVIEW_REQUIRED,REVIEW_REQUIRED
src/Files.App/Assets/FluentIcons/SidebarSections/CloudDrives.scale-125.png,207e98cdd5d5e2571a41cfaaf0c3c1486a419c540ec846cb198326a9ec8718dc,Files baseline 99951c66928c4da714da8b1dd46039421182cbab; verify package-specific origin,NOASSERTION,REVIEW_REQUIRED,REVIEW_REQUIRED
src/Files.App/Assets/FluentIcons/SidebarSections/CloudDrives.scale-150.png,a640583713b4fede4a4fa91f6a837c68a5c45632f04d816c82870eda9605309a,Files baseline 99951c66928c4da714da8b1dd46039421182cbab; verify package-specific origin,NOASSERTION,REVIEW_REQUIRED,REVIEW_REQUIRED
src/Files.App/Assets/FluentIcons/SidebarSections/CloudDrives.scale-200.png,d41e6b325f6fa985bb41c6c5fca26018a27441f804017ec83e560952ac67c68f,Files baseline 99951c66928c4da714da8b1dd46039421182cbab; verify package-specific origin,NOASSERTION,REVIEW_REQUIRED,REVIEW_REQUIRED
src/Files.App/Assets/FluentIcons/SidebarSections/CloudDrives.scale-400.png,273957e327de555dc14ce2f887e8ceade602468123034750c347991f2f6b080e,Files baseline 99951c66928c4da714da8b1dd46039421182cbab; verify package-specific origin,NOASSERTION,REVIEW_REQUIRED,REVIEW_REQUIRED
src/Files.App/Assets/FluentIcons/SidebarSections/Drives-Black.scale-100.png,b0caccea9545cc435c79b6273b955965e6ac57cb1dbdcf47d749e3df153d8b80,Files baseline 99951c66928c4da714da8b1dd46039421182cbab; verify package-specific origin,NOASSERTION,REVIEW_REQUIRED,REVIEW_REQUIRED
src/Files.App/Assets/FluentIcons/SidebarSections/Drives-Black.scale-125.png,5120fd4dfa41e95c3dfc7d4246f73a4e4ae956002d8d6d36e0acda6699d05e51,Files baseline 99951c66928c4da714da8b1dd46039421182cbab; verify package-specific origin,NOASSERTION,REVIEW_REQUIRED,REVIEW_REQUIRED
src/Files.App/Assets/FluentIcons/SidebarSections/Drives-Black.scale-150.png,468446b6e06e18042f76f3939da78d68ff19e24525af5ce4253cd73984c817bd,Files baseline 99951c66928c4da714da8b1dd46039421182cbab; verify package-specific origin,NOASSERTION,REVIEW_REQUIRED,REVIEW_REQUIRED
src/Files.App/Assets/FluentIcons/SidebarSections/Drives-Black.scale-200.png,e70e0547e4bb5c3838cf2ff5d0235c87d150aae0328ccf40376a45a406a7fca5,Files baseline 99951c66928c4da714da8b1dd46039421182cbab; verify package-specific origin,NOASSERTION,REVIEW_REQUIRED,REVIEW_REQUIRED
src/Files.App/Assets/FluentIcons/SidebarSections/Drives-Black.scale-400.png,d60807a05cafeb1197d364253f0bb3d6aba6881212b9c990334382a576221188,Files baseline 99951c66928c4da714da8b1dd46039421182cbab; verify package-specific origin,NOASSERTION,REVIEW_REQUIRED,REVIEW_REQUIRED
src/Files.App/Assets/FluentIcons/SidebarSections/Drives-White.scale-100.png,6403371e9f3049fe928706e8e71766461b51de868560c61aaca6c137a88c42df,Files baseline 99951c66928c4da714da8b1dd46039421182cbab; verify package-specific origin,NOASSERTION,REVIEW_REQUIRED,REVIEW_REQUIRED
src/Files.App/Assets/FluentIcons/SidebarSections/Drives-White.scale-125.png,aa21cd4d4fe4fdda51ebfdd31a1f0daefdd3e3f3a806154ee49dde0d981d9da5,Files baseline 99951c66928c4da714da8b1dd46039421182cbab; verify package-specific origin,NOASSERTION,REVIEW_REQUIRED,REVIEW_REQUIRED
src/Files.App/Assets/FluentIcons/SidebarSections/Drives-White.scale-150.png,f8530665012e7c83cc644635ca18ecad7395ecaaf4710f598fe44f06282bd679,Files baseline 99951c66928c4da714da8b1dd46039421182cbab; verify package-specific origin,NOASSERTION,REVIEW_REQUIRED,REVIEW_REQUIRED
src/Files.App/Assets/FluentIcons/SidebarSections/Drives-White.scale-200.png,403d36668703022599e7705f4d6c95b1b2595aa3e73a8d54d47d468dd8fbf13f,Files baseline 99951c66928c4da714da8b1dd46039421182cbab; verify package-specific origin,NOASSERTION,REVIEW_REQUIRED,REVIEW_REQUIRED
src/Files.App/Assets/FluentIcons/SidebarSections/Drives-White.scale-400.png,de1f4e97fe1b8c4108b8edf3ca21bfa78cd32140ef7452ca44dd13e6e7d00473,Files baseline 99951c66928c4da714da8b1dd46039421182cbab; verify package-specific origin,NOASSERTION,REVIEW_REQUIRED,REVIEW_REQUIRED
src/Files.App/Assets/FluentIcons/SidebarSections/Drives.scale-100.png,0b95f919beef3a2d9045a4648ef0850ad209a1f6ae37eb4f7ca7dc479edc4d23,Files baseline 99951c66928c4da714da8b1dd46039421182cbab; verify package-specific origin,NOASSERTION,REVIEW_REQUIRED,REVIEW_REQUIRED
src/Files.App/Assets/FluentIcons/SidebarSections/Drives.scale-125.png,3dbdb881c6b58536b9058ff0a2686c7b3c2928b60624c46436c3ce989c584260,Files baseline 99951c66928c4da714da8b1dd46039421182cbab; verify package-specific origin,NOASSERTION,REVIEW_REQUIRED,REVIEW_REQUIRED
src/Files.App/Assets/FluentIcons/SidebarSections/Drives.scale-150.png,7df6d4e72c6717e37f83b77d86b7fafdfe5b0a0b2d775b54664beec382d0db51,Files baseline 99951c66928c4da714da8b1dd46039421182cbab; verify package-specific origin,NOASSERTION,REVIEW_REQUIRED,REVIEW_REQUIRED
src/Files.App/Assets/FluentIcons/SidebarSections/Drives.scale-200.png,46dc19843f824c586fe016be8f35b57f775563af1f8fe5dc2222916236fa8337,Files baseline 99951c66928c4da714da8b1dd46039421182cbab; verify package-specific origin,NOASSERTION,REVIEW_REQUIRED,REVIEW_REQUIRED
src/Files.App/Assets/FluentIcons/SidebarSections/Drives.scale-400.png,be5a0c57b61ff8d2b0d8439c5e0de1a2d2a2df19c907a884146adaf11f5f6bb9,Files baseline 99951c66928c4da714da8b1dd46039421182cbab; verify package-specific origin,NOASSERTION,REVIEW_REQUIRED,REVIEW_REQUIRED
src/Files.App/Assets/FluentIcons/SidebarSections/Home-Black.scale-100.png,1b6be5b33bbd19ccf14c1b18c4a0c03ac721a4473c1a1c75670d42820594fa65,Files baseline 99951c66928c4da714da8b1dd46039421182cbab; verify package-specific origin,NOASSERTION,REVIEW_REQUIRED,REVIEW_REQUIRED
src/Files.App/Assets/FluentIcons/SidebarSections/Home-Black.scale-125.png,1a2ff49263fd90db338279cc1f6c84fdbb87fc158edb084b5aa25ec1cbe2f8c3,Files baseline 99951c66928c4da714da8b1dd46039421182cbab; verify package-specific origin,NOASSERTION,REVIEW_REQUIRED,REVIEW_REQUIRED
src/Files.App/Assets/FluentIcons/SidebarSections/Home-Black.scale-150.png,6f80c825003b8706a3c4fbd342d5430c53f8203317b9b7bee183678a2c56eecb,Files baseline 99951c66928c4da714da8b1dd46039421182cbab; verify package-specific origin,NOASSERTION,REVIEW_REQUIRED,REVIEW_REQUIRED
src/Files.App/Assets/FluentIcons/SidebarSections/Home-Black.scale-200.png,2e24f0aa1ce11d615943013baf0f78c058869dd8950809d7a4ab23c487fe74b3,Files baseline 99951c66928c4da714da8b1dd46039421182cbab; verify package-specific origin,NOASSERTION,REVIEW_REQUIRED,REVIEW_REQUIRED
src/Files.App/Assets/FluentIcons/SidebarSections/Home-Black.scale-400.png,aa06a4a1fd3d4d7035d87c29ca4742fdb37daac66c5c7611c1117384beac2650,Files baseline 99951c66928c4da714da8b1dd46039421182cbab; verify package-specific origin,NOASSERTION,REVIEW_REQUIRED,REVIEW_REQUIRED
src/Files.App/Assets/FluentIcons/SidebarSections/Home-White.scale-100.png,86d717b1630255b693cc0be464785c6c7f6196a31be5ae0910975f4d2aa2ce9e,Files baseline 99951c66928c4da714da8b1dd46039421182cbab; verify package-specific origin,NOASSERTION,REVIEW_REQUIRED,REVIEW_REQUIRED
src/Files.App/Assets/FluentIcons/SidebarSections/Home-White.scale-125.png,233a27fcb5bc79be93ca21c93a18d8f0a36f97cb42b7c3705b9a73ca623b6128,Files baseline 99951c66928c4da714da8b1dd46039421182cbab; verify package-specific origin,NOASSERTION,REVIEW_REQUIRED,REVIEW_REQUIRED
src/Files.App/Assets/FluentIcons/SidebarSections/Home-White.scale-150.png,687cb025aee537e12e984d27279a695c01f9ae9d8727902f54b477c8d17f1db9,Files baseline 99951c66928c4da714da8b1dd46039421182cbab; verify package-specific origin,NOASSERTION,REVIEW_REQUIRED,REVIEW_REQUIRED
src/Files.App/Assets/FluentIcons/SidebarSections/Home-White.scale-200.png,5ce840bc610161c418100dba5a69ac61f0b1c58b7f8ee84daded690fa2fe267b,Files baseline 99951c66928c4da714da8b1dd46039421182cbab; verify package-specific origin,NOASSERTION,REVIEW_REQUIRED,REVIEW_REQUIRED
src/Files.App/Assets/FluentIcons/SidebarSections/Home-White.scale-400.png,3cd6fdac4c7cdb7dd18d817ee9bc93bf414bb8c6f3c96f5b0079cf24db1968b5,Files baseline 99951c66928c4da714da8b1dd46039421182cbab; verify package-specific origin,NOASSERTION,REVIEW_REQUIRED,REVIEW_REQUIRED
src/Files.App/Assets/FluentIcons/SidebarSections/Home.scale-100.png,77ff8797fd9f1ddd096d8da13bdacb5f0e58d64f026f72c363ec96a4a0eb7e3c,Files baseline 99951c66928c4da714da8b1dd46039421182cbab; verify package-specific origin,NOASSERTION,REVIEW_REQUIRED,REVIEW_REQUIRED
src/Files.App/Assets/FluentIcons/SidebarSections/Home.scale-125.png,bf281bc998cb259cafad2a8a4a7b836dbee95957edbd08821244c137692cd043,Files baseline 99951c66928c4da714da8b1dd46039421182cbab; verify package-specific origin,NOASSERTION,REVIEW_REQUIRED,REVIEW_REQUIRED
src/Files.App/Assets/FluentIcons/SidebarSections/Home.scale-150.png,07a51fa51d4b1eb901ed02d1ea8e91e5b6d4d0db685333c13f9bd62cc62f64d2,Files baseline 99951c66928c4da714da8b1dd46039421182cbab; verify package-specific origin,NOASSERTION,REVIEW_REQUIRED,REVIEW_REQUIRED
src/Files.App/Assets/FluentIcons/SidebarSections/Home.scale-200.png,d55c9dc41ba05483f2b611cca3a738bb2b5c9c89d33c150448dd0352804538af,Files baseline 99951c66928c4da714da8b1dd46039421182cbab; verify package-specific origin,NOASSERTION,REVIEW_REQUIRED,REVIEW_REQUIRED
src/Files.App/Assets/FluentIcons/SidebarSections/Home.scale-400.png,20b8ab10e14a309d319c34453b9f546b8d1cbd610ce31977f0d3701c6184a150,Files baseline 99951c66928c4da714da8b1dd46039421182cbab; verify package-specific origin,NOASSERTION,REVIEW_REQUIRED,REVIEW_REQUIRED
src/Files.App/Assets/FluentIcons/SidebarSections/Libraries-Black.scale-100.png,ca9910a3a677ce909928c0e77d412907a88f95cf7abddf7902b8550597f26195,Files baseline 99951c66928c4da714da8b1dd46039421182cbab; verify package-specific origin,NOASSERTION,REVIEW_REQUIRED,REVIEW_REQUIRED
src/Files.App/Assets/FluentIcons/SidebarSections/Libraries-Black.scale-125.png,b5fd1ccf47a42846c0cdafb0753152b49049d91493b8716d0de93a0a41a568f4,Files baseline 99951c66928c4da714da8b1dd46039421182cbab; verify package-specific origin,NOASSERTION,REVIEW_REQUIRED,REVIEW_REQUIRED
src/Files.App/Assets/FluentIcons/SidebarSections/Libraries-Black.scale-150.png,03f8a824be2b2f73764803232147ba3c69150eb3a5cdba0bf65a4d761cbd09c9,Files baseline 99951c66928c4da714da8b1dd46039421182cbab; verify package-specific origin,NOASSERTION,REVIEW_REQUIRED,REVIEW_REQUIRED
src/Files.App/Assets/FluentIcons/SidebarSections/Libraries-Black.scale-200.png,87c86636e260fa89f617ac85778fc4134fc428ff6f71d3c7eac81db4de8b0e6d,Files baseline 99951c66928c4da714da8b1dd46039421182cbab; verify package-specific origin,NOASSERTION,REVIEW_REQUIRED,REVIEW_REQUIRED
src/Files.App/Assets/FluentIcons/SidebarSections/Libraries-Black.scale-400.png,9e51521aabb421ccddeebea0b391a9ec08cca6d1d579700d14dd3ca3960c08f7,Files baseline 99951c66928c4da714da8b1dd46039421182cbab; verify package-specific origin,NOASSERTION,REVIEW_REQUIRED,REVIEW_REQUIRED
src/Files.App/Assets/FluentIcons/SidebarSections/Libraries-White.scale-100.png,6f553efa0899eed1e9487f9a7a5e82757e535c2dbde780754d3ed506a556b24a,Files baseline 99951c66928c4da714da8b1dd46039421182cbab; verify package-specific origin,NOASSERTION,REVIEW_REQUIRED,REVIEW_REQUIRED
src/Files.App/Assets/FluentIcons/SidebarSections/Libraries-White.scale-125.png,1871a1ca4a03b37c4ef946ee4f29e78ffd9221557dd16ab9cacc78ebb561a1c9,Files baseline 99951c66928c4da714da8b1dd46039421182cbab; verify package-specific origin,NOASSERTION,REVIEW_REQUIRED,REVIEW_REQUIRED
src/Files.App/Assets/FluentIcons/SidebarSections/Libraries-White.scale-150.png,07cf0929d88c5fff35d01dc4e7d891c2349ebb8df8e3d435180f44ed938f6a65,Files baseline 99951c66928c4da714da8b1dd46039421182cbab; verify package-specific origin,NOASSERTION,REVIEW_REQUIRED,REVIEW_REQUIRED
src/Files.App/Assets/FluentIcons/SidebarSections/Libraries-White.scale-200.png,7213bf80ae0249d04ca70156edaf2117efde8831e2420969f44c4cc33283e440,Files baseline 99951c66928c4da714da8b1dd46039421182cbab; verify package-specific origin,NOASSERTION,REVIEW_REQUIRED,REVIEW_REQUIRED
src/Files.App/Assets/FluentIcons/SidebarSections/Libraries-White.scale-400.png,1ecae56e912d5638d68c2c88c681a77be2c0ff4a758369964efe7dce719075c2,Files baseline 99951c66928c4da714da8b1dd46039421182cbab; verify package-specific origin,NOASSERTION,REVIEW_REQUIRED,REVIEW_REQUIRED
src/Files.App/Assets/FluentIcons/SidebarSections/Libraries.scale-100.png,cf2ebe05957c33796d0d91d68d2cc8fa2a2abdb8fe8a7fbf714c9cb9080d6376,Files baseline 99951c66928c4da714da8b1dd46039421182cbab; verify package-specific origin,NOASSERTION,REVIEW_REQUIRED,REVIEW_REQUIRED
src/Files.App/Assets/FluentIcons/SidebarSections/Libraries.scale-125.png,858e0f737093ce9af601d43d800f27774e675d0a808a9563d3aed2426b484c23,Files baseline 99951c66928c4da714da8b1dd46039421182cbab; verify package-specific origin,NOASSERTION,REVIEW_REQUIRED,REVIEW_REQUIRED
src/Files.App/Assets/FluentIcons/SidebarSections/Libraries.scale-150.png,9d3eabb2c4921342a8d2a946e27c0499f19d0af1283ed392cb63ad5e27385dfd,Files baseline 99951c66928c4da714da8b1dd46039421182cbab; verify package-specific origin,NOASSERTION,REVIEW_REQUIRED,REVIEW_REQUIRED
src/Files.App/Assets/FluentIcons/SidebarSections/Libraries.scale-200.png,423eeeadfa24d0fac3fb1fc1415c24d7018de5bbc717cd266424af645bc3152f,Files baseline 99951c66928c4da714da8b1dd46039421182cbab; verify package-specific origin,NOASSERTION,REVIEW_REQUIRED,REVIEW_REQUIRED
src/Files.App/Assets/FluentIcons/SidebarSections/Libraries.scale-400.png,edeb75c1c338e2183748aee438d66f1fae25a1ff7c2376727d1493441e27c469,Files baseline 99951c66928c4da714da8b1dd46039421182cbab; verify package-specific origin,NOASSERTION,REVIEW_REQUIRED,REVIEW_REQUIRED
src/Files.App/Assets/FluentIcons/SidebarSections/Network-Black.scale-100.png,29372058f75c6098f9b633bab695797e7d680c426695e04117c57bd4344dcdae,Files baseline 99951c66928c4da714da8b1dd46039421182cbab; verify package-specific origin,NOASSERTION,REVIEW_REQUIRED,REVIEW_REQUIRED
src/Files.App/Assets/FluentIcons/SidebarSections/Network-Black.scale-125.png,02eda0bbeb78705047dc2c8833cc679d452a9624900a03e3adc97b5c58f6f04f,Files baseline 99951c66928c4da714da8b1dd46039421182cbab; verify package-specific origin,NOASSERTION,REVIEW_REQUIRED,REVIEW_REQUIRED
src/Files.App/Assets/FluentIcons/SidebarSections/Network-Black.scale-150.png,66c7f4f19938ad214e9a003df75ba359fbcca600944c1190c42bd39632884b13,Files baseline 99951c66928c4da714da8b1dd46039421182cbab; verify package-specific origin,NOASSERTION,REVIEW_REQUIRED,REVIEW_REQUIRED
src/Files.App/Assets/FluentIcons/SidebarSections/Network-Black.scale-200.png,3a43ca4f3c00b33424314a9c33c38cefd00a7ea9fcb7d7aa3c8b875667cc57f4,Files baseline 99951c66928c4da714da8b1dd46039421182cbab; verify package-specific origin,NOASSERTION,REVIEW_REQUIRED,REVIEW_REQUIRED
src/Files.App/Assets/FluentIcons/SidebarSections/Network-Black.scale-400.png,df7c1d260c0a453f55190245ad60e44416a1b9c8756e4b5bf49e72588b28bcca,Files baseline 99951c66928c4da714da8b1dd46039421182cbab; verify package-specific origin,NOASSERTION,REVIEW_REQUIRED,REVIEW_REQUIRED
src/Files.App/Assets/FluentIcons/SidebarSections/Network-White.scale-100.png,44cd7586d2d9fd03baf54d57ee722434a6eda40c86854c1c9282f24d82896f53,Files baseline 99951c66928c4da714da8b1dd46039421182cbab; verify package-specific origin,NOASSERTION,REVIEW_REQUIRED,REVIEW_REQUIRED
src/Files.App/Assets/FluentIcons/SidebarSections/Network-White.scale-125.png,0c209b0c6e1f0dee51d89a431af078642c226d1116a76fda93cc43e4bf6c0985,Files baseline 99951c66928c4da714da8b1dd46039421182cbab; verify package-specific origin,NOASSERTION,REVIEW_REQUIRED,REVIEW_REQUIRED
src/Files.App/Assets/FluentIcons/SidebarSections/Network-White.scale-150.png,5ee4f062b6be3719a20249e836db9de3beb1ad0f9edcb705c756d3f9b2393b99,Files baseline 99951c66928c4da714da8b1dd46039421182cbab; verify package-specific origin,NOASSERTION,REVIEW_REQUIRED,REVIEW_REQUIRED
src/Files.App/Assets/FluentIcons/SidebarSections/Network-White.scale-200.png,65bdd7517d7cee849ecddcbc1cd08edfdd8d05d0e61243ff060249c41c1bfa58,Files baseline 99951c66928c4da714da8b1dd46039421182cbab; verify package-specific origin,NOASSERTION,REVIEW_REQUIRED,REVIEW_REQUIRED
src/Files.App/Assets/FluentIcons/SidebarSections/Network-White.scale-400.png,4bb0ab3c37fae882cc279efbef2b917edb223724a55b7cb4b05d31ff91ed2684,Files baseline 99951c66928c4da714da8b1dd46039421182cbab; verify package-specific origin,NOASSERTION,REVIEW_REQUIRED,REVIEW_REQUIRED
src/Files.App/Assets/FluentIcons/SidebarSections/Network.scale-100.png,c7a72245ad1514f97c67096e55ae32275f27568ed3f52ef39b710cd1b94dfe7c,Files baseline 99951c66928c4da714da8b1dd46039421182cbab; verify package-specific origin,NOASSERTION,REVIEW_REQUIRED,REVIEW_REQUIRED
src/Files.App/Assets/FluentIcons/SidebarSections/Network.scale-125.png,acc5df764ace992e873cb05ae1d2e0e3de8e00512564b668fa4695f4e71f1b1a,Files baseline 99951c66928c4da714da8b1dd46039421182cbab; verify package-specific origin,NOASSERTION,REVIEW_REQUIRED,REVIEW_REQUIRED
src/Files.App/Assets/FluentIcons/SidebarSections/Network.scale-150.png,91d321338396825a68d96a9f608843bdb55d0cc56cda828689b4be12907ea480,Files baseline 99951c66928c4da714da8b1dd46039421182cbab; verify package-specific origin,NOASSERTION,REVIEW_REQUIRED,REVIEW_REQUIRED
src/Files.App/Assets/FluentIcons/SidebarSections/Network.scale-200.png,c1bfcc94c0ba7d260bb943b6cf60cabf9109d9c2c10f109ab4cc404edb71a28a,Files baseline 99951c66928c4da714da8b1dd46039421182cbab; verify package-specific origin,NOASSERTION,REVIEW_REQUIRED,REVIEW_REQUIRED
src/Files.App/Assets/FluentIcons/SidebarSections/Network.scale-400.png,d701286922ebe3b75d1b7c616ae3f495183f39d7a43f0cbd960afc91d066081f,Files baseline 99951c66928c4da714da8b1dd46039421182cbab; verify package-specific origin,NOASSERTION,REVIEW_REQUIRED,REVIEW_REQUIRED
src/Files.App/Assets/FluentIcons/SidebarSections/Pinned-Black.scale-100.png,131e2076f3cef1aebb725fe2c23b5dfbd24872681ff50f757d12b4cd10420fa9,Files baseline 99951c66928c4da714da8b1dd46039421182cbab; verify package-specific origin,NOASSERTION,REVIEW_REQUIRED,REVIEW_REQUIRED
src/Files.App/Assets/FluentIcons/SidebarSections/Pinned-Black.scale-125.png,86e7f188f8224cfeb22accdba67db987c8b13fc099e9dee8584f476e9ca03640,Files baseline 99951c66928c4da714da8b1dd46039421182cbab; verify package-specific origin,NOASSERTION,REVIEW_REQUIRED,REVIEW_REQUIRED
src/Files.App/Assets/FluentIcons/SidebarSections/Pinned-Black.scale-150.png,91e127770639b7e7cfb38688b233d489c4c0ca2f9eebd84993f45af2276f69cb,Files baseline 99951c66928c4da714da8b1dd46039421182cbab; verify package-specific origin,NOASSERTION,REVIEW_REQUIRED,REVIEW_REQUIRED
src/Files.App/Assets/FluentIcons/SidebarSections/Pinned-Black.scale-200.png,fc100d58728b444fc4529daccd6cd7b65c2b053251b4fd2dfbca7ae6f575053f,Files baseline 99951c66928c4da714da8b1dd46039421182cbab; verify package-specific origin,NOASSERTION,REVIEW_REQUIRED,REVIEW_REQUIRED
src/Files.App/Assets/FluentIcons/SidebarSections/Pinned-Black.scale-400.png,a25e6c0befc4380428688483100a416f37eda17c5363f3cb631f32543b571337,Files baseline 99951c66928c4da714da8b1dd46039421182cbab; verify package-specific origin,NOASSERTION,REVIEW_REQUIRED,REVIEW_REQUIRED
src/Files.App/Assets/FluentIcons/SidebarSections/Pinned-White.scale-100.png,caf833368c3d3134b3841437c60877a60626defbc9284f1cbfb8a5929fb6768c,Files baseline 99951c66928c4da714da8b1dd46039421182cbab; verify package-specific origin,NOASSERTION,REVIEW_REQUIRED,REVIEW_REQUIRED
src/Files.App/Assets/FluentIcons/SidebarSections/Pinned-White.scale-125.png,8671e3743830e1d50c2c5691cc8e1d8076a58c25b83e3b9280475d9e18ac71ce,Files baseline 99951c66928c4da714da8b1dd46039421182cbab; verify package-specific origin,NOASSERTION,REVIEW_REQUIRED,REVIEW_REQUIRED
src/Files.App/Assets/FluentIcons/SidebarSections/Pinned-White.scale-150.png,8f3ee19db0039d2fe8012f52aa2fa216e55b3dd24230f34951c75f5650f82cfd,Files baseline 99951c66928c4da714da8b1dd46039421182cbab; verify package-specific origin,NOASSERTION,REVIEW_REQUIRED,REVIEW_REQUIRED
src/Files.App/Assets/FluentIcons/SidebarSections/Pinned-White.scale-200.png,a32ed44d707209bc1d761b8e62232c896f012a841e1d077a83f17e6458e6b8fc,Files baseline 99951c66928c4da714da8b1dd46039421182cbab; verify package-specific origin,NOASSERTION,REVIEW_REQUIRED,REVIEW_REQUIRED
src/Files.App/Assets/FluentIcons/SidebarSections/Pinned-White.scale-400.png,405944271b5bcf8bb2d8b77ba5890cdea2e98e86a1bc1bc9b4c1724f4b5de743,Files baseline 99951c66928c4da714da8b1dd46039421182cbab; verify package-specific origin,NOASSERTION,REVIEW_REQUIRED,REVIEW_REQUIRED
src/Files.App/Assets/FluentIcons/SidebarSections/Pinned.scale-100.png,929a98bf593e442fb61d73f12e5a01772b06f22c2f1a3e5b87120d7beaacc912,Files baseline 99951c66928c4da714da8b1dd46039421182cbab; verify package-specific origin,NOASSERTION,REVIEW_REQUIRED,REVIEW_REQUIRED
src/Files.App/Assets/FluentIcons/SidebarSections/Pinned.scale-125.png,fad14dcad8998e247abc17c95a35d5a960686b2ac59d9594d1ffb3efb748c15f,Files baseline 99951c66928c4da714da8b1dd46039421182cbab; verify package-specific origin,NOASSERTION,REVIEW_REQUIRED,REVIEW_REQUIRED
src/Files.App/Assets/FluentIcons/SidebarSections/Pinned.scale-150.png,c1ea67896f779fc9ffabb744dfd8f65c29ff8161f40c5cd71a3d816c05433695,Files baseline 99951c66928c4da714da8b1dd46039421182cbab; verify package-specific origin,NOASSERTION,REVIEW_REQUIRED,REVIEW_REQUIRED
src/Files.App/Assets/FluentIcons/SidebarSections/Pinned.scale-200.png,abb7135f816488e18ed8f238a0fc76dd96bdc526c784f3f1b6dad468948e7091,Files baseline 99951c66928c4da714da8b1dd46039421182cbab; verify package-specific origin,NOASSERTION,REVIEW_REQUIRED,REVIEW_REQUIRED
src/Files.App/Assets/FluentIcons/SidebarSections/Pinned.scale-400.png,bde462b267ee38017d41e17c902db1480e734afb769a36c774760a96356c250f,Files baseline 99951c66928c4da714da8b1dd46039421182cbab; verify package-specific origin,NOASSERTION,REVIEW_REQUIRED,REVIEW_REQUIRED
src/Files.App/Assets/FluentIcons/SidebarSections/Tags-Black.scale-100.png,015f71a1e8780ba92cd59fc1e9159cceef3c43d494275895319abae3e0f3a108,Files baseline 99951c66928c4da714da8b1dd46039421182cbab; verify package-specific origin,NOASSERTION,REVIEW_REQUIRED,REVIEW_REQUIRED
src/Files.App/Assets/FluentIcons/SidebarSections/Tags-Black.scale-125.png,0827eb3e654b08173306d1c568a521cb34c7279f47f982aa389660cfcbd8501b,Files baseline 99951c66928c4da714da8b1dd46039421182cbab; verify package-specific origin,NOASSERTION,REVIEW_REQUIRED,REVIEW_REQUIRED
src/Files.App/Assets/FluentIcons/SidebarSections/Tags-Black.scale-150.png,9579c113f8cee8405d3e390163e69d9e95230ce79d15042fce647e86079f7899,Files baseline 99951c66928c4da714da8b1dd46039421182cbab; verify package-specific origin,NOASSERTION,REVIEW_REQUIRED,REVIEW_REQUIRED
src/Files.App/Assets/FluentIcons/SidebarSections/Tags-Black.scale-200.png,e89d988e6d2d7a77115b992593e8b45da18d2c6678b657c21821062563fcb10d,Files baseline 99951c66928c4da714da8b1dd46039421182cbab; verify package-specific origin,NOASSERTION,REVIEW_REQUIRED,REVIEW_REQUIRED
src/Files.App/Assets/FluentIcons/SidebarSections/Tags-Black.scale-400.png,4abf16acc8e0b2c4a7db212222ec0869d16f273cc579378f7fa159c25d44e6bc,Files baseline 99951c66928c4da714da8b1dd46039421182cbab; verify package-specific origin,NOASSERTION,REVIEW_REQUIRED,REVIEW_REQUIRED
src/Files.App/Assets/FluentIcons/SidebarSections/Tags-White.scale-100.png,51e3ae53f6549a60017d6cecb216195258f11455c1cf00a4e6951b9ab76aead7,Files baseline 99951c66928c4da714da8b1dd46039421182cbab; verify package-specific origin,NOASSERTION,REVIEW_REQUIRED,REVIEW_REQUIRED
src/Files.App/Assets/FluentIcons/SidebarSections/Tags-White.scale-125.png,088945d99a731b4b2fa8874e3563aa01eed74873dbb7bbcd37a9f6cbf9407d5b,Files baseline 99951c66928c4da714da8b1dd46039421182cbab; verify package-specific origin,NOASSERTION,REVIEW_REQUIRED,REVIEW_REQUIRED
src/Files.App/Assets/FluentIcons/SidebarSections/Tags-White.scale-150.png,73f71da1b9e9906040c1829224250cd8bf00d1950d6de8a292d816133cc77ca6,Files baseline 99951c66928c4da714da8b1dd46039421182cbab; verify package-specific origin,NOASSERTION,REVIEW_REQUIRED,REVIEW_REQUIRED
src/Files.App/Assets/FluentIcons/SidebarSections/Tags-White.scale-200.png,9a57454e8cb6c7226060808861f5206aa994d634d67db45722d0bac9f1ebff66,Files baseline 99951c66928c4da714da8b1dd46039421182cbab; verify package-specific origin,NOASSERTION,REVIEW_REQUIRED,REVIEW_REQUIRED
src/Files.App/Assets/FluentIcons/SidebarSections/Tags-White.scale-400.png,7b3076a297914f1f470693d5d39651d6530b371ec10fd93ebfb9101e03c1f76a,Files baseline 99951c66928c4da714da8b1dd46039421182cbab; verify package-specific origin,NOASSERTION,REVIEW_REQUIRED,REVIEW_REQUIRED
src/Files.App/Assets/FluentIcons/SidebarSections/Tags.scale-100.png,421c57cf07c014f231dc987f86425749e20eeae66316646dd1039db74bc35039,Files baseline 99951c66928c4da714da8b1dd46039421182cbab; verify package-specific origin,NOASSERTION,REVIEW_REQUIRED,REVIEW_REQUIRED
src/Files.App/Assets/FluentIcons/SidebarSections/Tags.scale-125.png,7790bf9b8ede862d2e0d152da2cf8716227ce9349717d1d19ea8aec75a021ab3,Files baseline 99951c66928c4da714da8b1dd46039421182cbab; verify package-specific origin,NOASSERTION,REVIEW_REQUIRED,REVIEW_REQUIRED
src/Files.App/Assets/FluentIcons/SidebarSections/Tags.scale-150.png,bcfa35878d474b372aeea1a59c96c9cb2bee37725576a5779208eeccc066c9cf,Files baseline 99951c66928c4da714da8b1dd46039421182cbab; verify package-specific origin,NOASSERTION,REVIEW_REQUIRED,REVIEW_REQUIRED
src/Files.App/Assets/FluentIcons/SidebarSections/Tags.scale-200.png,355956a30372aa456acfcf2d28336f3b4e454a4967a38e4ee9b1a49ed57b45b6,Files baseline 99951c66928c4da714da8b1dd46039421182cbab; verify package-specific origin,NOASSERTION,REVIEW_REQUIRED,REVIEW_REQUIRED
src/Files.App/Assets/FluentIcons/SidebarSections/Tags.scale-400.png,c7501c2ff1c1682bb43d08fa0d046519831f1a63557d22b3a6c22ff986f9954d,Files baseline 99951c66928c4da714da8b1dd46039421182cbab; verify package-specific origin,NOASSERTION,REVIEW_REQUIRED,REVIEW_REQUIRED
src/Files.App/Assets/FluentIcons/SidebarSections/Wsl-Black.scale-100.png,cc56db60eb83ec7709a1978b98d1ef104875fb9b22106d0408e334eb68a26cab,Files baseline 99951c66928c4da714da8b1dd46039421182cbab; verify package-specific origin,NOASSERTION,REVIEW_REQUIRED,REVIEW_REQUIRED
src/Files.App/Assets/FluentIcons/SidebarSections/Wsl-Black.scale-125.png,ba05b3edefcd52c545a3a6c73f737e49e75b90b5f367562de3c261469c7aeac0,Files baseline 99951c66928c4da714da8b1dd46039421182cbab; verify package-specific origin,NOASSERTION,REVIEW_REQUIRED,REVIEW_REQUIRED
src/Files.App/Assets/FluentIcons/SidebarSections/Wsl-Black.scale-150.png,cf3ec394d125dea8ece64c24fbe633d388bb542677758ba782d4e09f86fd8ba3,Files baseline 99951c66928c4da714da8b1dd46039421182cbab; verify package-specific origin,NOASSERTION,REVIEW_REQUIRED,REVIEW_REQUIRED
src/Files.App/Assets/FluentIcons/SidebarSections/Wsl-Black.scale-200.png,7ca63e0b64dca96ef944f5d586b0702db72fa73abba886787c28a6a9b93a37d7,Files baseline 99951c66928c4da714da8b1dd46039421182cbab; verify package-specific origin,NOASSERTION,REVIEW_REQUIRED,REVIEW_REQUIRED
src/Files.App/Assets/FluentIcons/SidebarSections/Wsl-Black.scale-400.png,ffb289ee9d603749ddadb8a182dac1996a285a529954a021309638b785275581,Files baseline 99951c66928c4da714da8b1dd46039421182cbab; verify package-specific origin,NOASSERTION,REVIEW_REQUIRED,REVIEW_REQUIRED
src/Files.App/Assets/FluentIcons/SidebarSections/Wsl-White.scale-100.png,2e1705a4cf779068a609a237e66859b715bfa8c0ee9e559ef71c5015af09c61e,Files baseline 99951c66928c4da714da8b1dd46039421182cbab; verify package-specific origin,NOASSERTION,REVIEW_REQUIRED,REVIEW_REQUIRED
src/Files.App/Assets/FluentIcons/SidebarSections/Wsl-White.scale-125.png,35c6d531d58189e0a5e68a2d05d12509c8eec82acada9f711bf33093d2b28319,Files baseline 99951c66928c4da714da8b1dd46039421182cbab; verify package-specific origin,NOASSERTION,REVIEW_REQUIRED,REVIEW_REQUIRED
src/Files.App/Assets/FluentIcons/SidebarSections/Wsl-White.scale-150.png,c57b14625b7489670e0a387389f22448848459f21f17958fbf57bf533aebea51,Files baseline 99951c66928c4da714da8b1dd46039421182cbab; verify package-specific origin,NOASSERTION,REVIEW_REQUIRED,REVIEW_REQUIRED
src/Files.App/Assets/FluentIcons/SidebarSections/Wsl-White.scale-200.png,cf6b41e0c09fafd15a6575141f99be59a9596d9b6a9c37bf3ccf72d4730251fc,Files baseline 99951c66928c4da714da8b1dd46039421182cbab; verify package-specific origin,NOASSERTION,REVIEW_REQUIRED,REVIEW_REQUIRED
src/Files.App/Assets/FluentIcons/SidebarSections/Wsl-White.scale-400.png,964d32afccced7c44191a8249060dea769d8b740f973697efacd214c46e437a3,Files baseline 99951c66928c4da714da8b1dd46039421182cbab; verify package-specific origin,NOASSERTION,REVIEW_REQUIRED,REVIEW_REQUIRED
src/Files.App/Assets/FluentIcons/SidebarSections/Wsl.scale-100.png,56b9ea85e76888b10500d942d6961daef76319260542cd2430c03027e215a481,Files baseline 99951c66928c4da714da8b1dd46039421182cbab; verify package-specific origin,NOASSERTION,REVIEW_REQUIRED,REVIEW_REQUIRED
src/Files.App/Assets/FluentIcons/SidebarSections/Wsl.scale-125.png,90278bdabae48dfe3904ad33440159ab094c627373d70add399e1feb34f487c0,Files baseline 99951c66928c4da714da8b1dd46039421182cbab; verify package-specific origin,NOASSERTION,REVIEW_REQUIRED,REVIEW_REQUIRED
src/Files.App/Assets/FluentIcons/SidebarSections/Wsl.scale-150.png,92d22b03db81a27d99bef036dc178da7ca61a85869d4112dd523aa4c7348baf9,Files baseline 99951c66928c4da714da8b1dd46039421182cbab; verify package-specific origin,NOASSERTION,REVIEW_REQUIRED,REVIEW_REQUIRED
src/Files.App/Assets/FluentIcons/SidebarSections/Wsl.scale-200.png,13c518cead5b47bc45c7843b65f1217884029dae99c17dab0af61ed89f7359f8,Files baseline 99951c66928c4da714da8b1dd46039421182cbab; verify package-specific origin,NOASSERTION,REVIEW_REQUIRED,REVIEW_REQUIRED
src/Files.App/Assets/FluentIcons/SidebarSections/Wsl.scale-400.png,a63ef0f9404e19aca0da348d868dc525ca2fa46b61382c7db7efdcd06441f745,Files baseline 99951c66928c4da714da8b1dd46039421182cbab; verify package-specific origin,NOASSERTION,REVIEW_REQUIRED,REVIEW_REQUIRED
src/Files.App/Assets/FolderIcon.png,601b5478311dca35d8bc2a17f5208d19102224d8cbbf516503945c7a9ca488b4,Files baseline 99951c66928c4da714da8b1dd46039421182cbab; verify package-specific origin,NOASSERTION,REVIEW_REQUIRED,REVIEW_REQUIRED
src/Files.App/Assets/FolderIcon.svg,d7cc75aea3aa0f2a5733dbe287a5e7876830d00e21c0135bf489e1be8d6b6334,Files baseline 99951c66928c4da714da8b1dd46039421182cbab; verify package-specific origin,NOASSERTION,REVIEW_REQUIRED,REVIEW_REQUIRED
src/Files.App/Assets/FolderIcon2.svg,ed227b9d2f13e9af3e6a5dccff33eb52ea25649cad37e7b98f8c7a7591cac6c8,Files baseline 99951c66928c4da714da8b1dd46039421182cbab; verify package-specific origin,NOASSERTION,REVIEW_REQUIRED,REVIEW_REQUIRED
src/Files.App/Assets/Libraries/Microsoft.UI.winmd,2f1254a1facb42c09a41445dcc251c28d87cc3193bcac6b759b9a241a389bd59,Files baseline 99951c66928c4da714da8b1dd46039421182cbab; verify package-specific origin,NOASSERTION,REVIEW_REQUIRED,REVIEW_REQUIRED
src/Files.App/Assets/Libraries/OwlCore.Storage.0.14.0.999.nupkg,a70e1aafa00791e98d953c21570c0468551cdec4d7641dcf1f2d1d4b348cc6bc,Files baseline 99951c66928c4da714da8b1dd46039421182cbab; verify package-specific origin,NOASSERTION,REVIEW_REQUIRED,REVIEW_REQUIRED
src/Files.App/Assets/Libraries/SevenZipSharp.1.0.3.nupkg,ba4f76048c5225632637421a4413a9f1a439f3f04f18a58f11b857380dc89ae0,Files baseline 99951c66928c4da714da8b1dd46039421182cbab; verify package-specific origin,NOASSERTION,REVIEW_REQUIRED,REVIEW_REQUIRED
src/Files.App/Assets/Resources/PreviewPanePropertiesInformation.json,3c6bc18076f6de4d1ecba0230c2e59fd2956b53dc51262587b8bd139e7e854ea,Files baseline 99951c66928c4da714da8b1dd46039421182cbab; verify package-specific origin,NOASSERTION,REVIEW_REQUIRED,REVIEW_REQUIRED
src/Files.App/Assets/Resources/PropertiesInformation.json,ab86eb0470605b6e88613a5cdff1979616ac48ebed5831e493041b6cab336655,Files baseline 99951c66928c4da714da8b1dd46039421182cbab; verify package-specific origin,NOASSERTION,REVIEW_REQUIRED,REVIEW_REQUIRED
src/Files.App/Assets/Shelf/EmptyShelf_100_ThemeDark.svg,d084d2ef7ef52c7c0318f5cbf16c305592d08de4d1dbad3f10aebabb844ec597,Files baseline 99951c66928c4da714da8b1dd46039421182cbab; verify package-specific origin,NOASSERTION,REVIEW_REQUIRED,REVIEW_REQUIRED
src/Files.App/Assets/Shelf/EmptyShelf_100_ThemeLight.svg,b0c1849fc9b2386f6fa2ce0b356496a95cc7adabf94e666da3b4c2cc599206e5,Files baseline 99951c66928c4da714da8b1dd46039421182cbab; verify package-specific origin,NOASSERTION,REVIEW_REQUIRED,REVIEW_REQUIRED
src/Files.App/Assets/Shelf/EmptyShelf_200_ThemeDark.svg,67c721c79653ae8a73eba2d18947b599ee711b4c41439fba2a3bded6a7b3e37b,Files baseline 99951c66928c4da714da8b1dd46039421182cbab; verify package-specific origin,NOASSERTION,REVIEW_REQUIRED,REVIEW_REQUIRED
src/Files.App/Assets/Shelf/EmptyShelf_200_ThemeLight.svg,352c04447456760215dc2ab23d1f1c174098c377e9e94a86dcbc74672b17465a,Files baseline 99951c66928c4da714da8b1dd46039421182cbab; verify package-specific origin,NOASSERTION,REVIEW_REQUIRED,REVIEW_REQUIRED
src/Files.App/Assets/Shelf/EmptyShelf_48_ThemeDark.svg,fc5ebefbaf9e3ec4b4500bc2b16badd8f2f8d1b0637251f36e9c7fc75a47fe3d,Files baseline 99951c66928c4da714da8b1dd46039421182cbab; verify package-specific origin,NOASSERTION,REVIEW_REQUIRED,REVIEW_REQUIRED
src/Files.App/Assets/Shelf/EmptyShelf_48_ThemeLight.svg,9a4e5a7f5d25ed5474173a480aa95df964e271d543ee8fa53f38478f16994a78,Files baseline 99951c66928c4da714da8b1dd46039421182cbab; verify package-specific origin,NOASSERTION,REVIEW_REQUIRED,REVIEW_REQUIRED
src/Files.App/Assets/Sidebar/EmptySidebar_100_ThemeDark.svg,e3bc0dc1a74d26421d0f33d4face9449be5e42315197eeebf8d4b57a2f7fad6d,Files baseline 99951c66928c4da714da8b1dd46039421182cbab; verify package-specific origin,NOASSERTION,REVIEW_REQUIRED,REVIEW_REQUIRED
src/Files.App/Assets/Sidebar/EmptySidebar_100_ThemeLight.svg,57167233d002d2b7f0bfe6e74ed4a144f2b4c08841099e36957cae93212ff038,Files baseline 99951c66928c4da714da8b1dd46039421182cbab; verify package-specific origin,NOASSERTION,REVIEW_REQUIRED,REVIEW_REQUIRED
src/Files.App/Assets/Sidebar/EmptySidebar_200_ThemeDark.svg,bbbb35e49ad09668bb2097342a60bb78c602e56c36f08e5bf32423b394e14812,Files baseline 99951c66928c4da714da8b1dd46039421182cbab; verify package-specific origin,NOASSERTION,REVIEW_REQUIRED,REVIEW_REQUIRED
src/Files.App/Assets/Sidebar/EmptySidebar_200_ThemeLight.svg,13f04cb88d66928fdb3c341c7b5b311721b77b221dd472944c7c348e63bbd4f7,Files baseline 99951c66928c4da714da8b1dd46039421182cbab; verify package-specific origin,NOASSERTION,REVIEW_REQUIRED,REVIEW_REQUIRED
src/Files.App/Assets/Sidebar/EmptySidebar_48_ThemeDark.svg,66eaf2891edf8443b71a882d4a0ddf9be379d2ec1c77c41c5cb639a60f164678,Files baseline 99951c66928c4da714da8b1dd46039421182cbab; verify package-specific origin,NOASSERTION,REVIEW_REQUIRED,REVIEW_REQUIRED
src/Files.App/Assets/Sidebar/EmptySidebar_48_ThemeLight.svg,bce76bfd9035d287295135e593234547d2638fa46b1e5e0a83c3656f415af0fb,Files baseline 99951c66928c4da714da8b1dd46039421182cbab; verify package-specific origin,NOASSERTION,REVIEW_REQUIRED,REVIEW_REQUIRED
src/Files.App/Assets/WSL/alpine.svg,807556099b289c28690ed7bb777009024858eb8ba8d2248ce0e7b403eef9f742,Files baseline 99951c66928c4da714da8b1dd46039421182cbab; verify package-specific origin,NOASSERTION,REVIEW_REQUIRED,REVIEW_REQUIRED
src/Files.App/Assets/WSL/alpinepng.png,631b0c3c20272421d250199cdaeee5aaf6fbfcbb6290de50e7492821da2ae782,Files baseline 99951c66928c4da714da8b1dd46039421182cbab; verify package-specific origin,NOASSERTION,REVIEW_REQUIRED,REVIEW_REQUIRED
src/Files.App/Assets/WSL/debian.svg,a1752394068d6a0202690a07b60a036c64603745c43b7c67c8a03ac496515eca,Files baseline 99951c66928c4da714da8b1dd46039421182cbab; verify package-specific origin,NOASSERTION,REVIEW_REQUIRED,REVIEW_REQUIRED
src/Files.App/Assets/WSL/debianpng.png,36b67f0392aaef34d2dd8f92bfe7a94d15f5444c8c7685cb29f79bca59134f11,Files baseline 99951c66928c4da714da8b1dd46039421182cbab; verify package-specific origin,NOASSERTION,REVIEW_REQUIRED,REVIEW_REQUIRED
src/Files.App/Assets/WSL/generic.svg,954097770a23e7ac8482e4b017a323a6f08d7adbd1d45e7c42776ab2a457dd89,Files baseline 99951c66928c4da714da8b1dd46039421182cbab; verify package-specific origin,NOASSERTION,REVIEW_REQUIRED,REVIEW_REQUIRED
src/Files.App/Assets/WSL/genericpng.png,f07ba870edc3e2c5e2bd028300e70f26fbf854ae3adc3f430749771d98ea6c59,Files baseline 99951c66928c4da714da8b1dd46039421182cbab; verify package-specific origin,NOASSERTION,REVIEW_REQUIRED,REVIEW_REQUIRED
src/Files.App/Assets/WSL/kali.svg,8f3be0928b61e0dec5add99ad7204ade473c400741fbe1d84c463d16faf492e4,Files baseline 99951c66928c4da714da8b1dd46039421182cbab; verify package-specific origin,NOASSERTION,REVIEW_REQUIRED,REVIEW_REQUIRED
src/Files.App/Assets/WSL/kalipng.png,5a797edecb853fd46d3bd1a33d65666121244057bd61e2a126826e0269035a5a,Files baseline 99951c66928c4da714da8b1dd46039421182cbab; verify package-specific origin,NOASSERTION,REVIEW_REQUIRED,REVIEW_REQUIRED
src/Files.App/Assets/WSL/opensuse.svg,1a7328d85e1b05e3b176bf51495cf43cd1cd902c9e90158702e860f66df390d3,Files baseline 99951c66928c4da714da8b1dd46039421182cbab; verify package-specific origin,NOASSERTION,REVIEW_REQUIRED,REVIEW_REQUIRED
src/Files.App/Assets/WSL/opensusepng.png,fcf71c3bf692cd1a39b8577fe23989b5b703717ea2e9dfc81cf0eb80803079b2,Files baseline 99951c66928c4da714da8b1dd46039421182cbab; verify package-specific origin,NOASSERTION,REVIEW_REQUIRED,REVIEW_REQUIRED
src/Files.App/Assets/WSL/ubuntu.svg,23b151235ac97c327a4940ad78d512e8a8bf6999875f05cdda7611e55d5d96ae,Files baseline 99951c66928c4da714da8b1dd46039421182cbab; verify package-specific origin,NOASSERTION,REVIEW_REQUIRED,REVIEW_REQUIRED
src/Files.App/Assets/WSL/ubuntupng.png,62ba5d9ad3d3256b6a2a4fa7692cc939543cdd583667880a979f99d5ddb5cfbe,Files baseline 99951c66928c4da714da8b1dd46039421182cbab; verify package-specific origin,NOASSERTION,REVIEW_REQUIRED,REVIEW_REQUIRED
src/Files.App/Assets/error.png,f4b7bfddad5fb4324f78c4fc59376d25c167f5ee2a78d5b63d63ca1011d9e44d,Files baseline 99951c66928c4da714da8b1dd46039421182cbab; verify package-specific origin,NOASSERTION,REVIEW_REQUIRED,REVIEW_REQUIRED
src/Files.App/Assets/tile-0-250x250.png,a7863d64a83879c8bafbb8cca05090b78a286adee36c701b39b679bc6b0de7ae,Files baseline 99951c66928c4da714da8b1dd46039421182cbab; verify package-specific origin,NOASSERTION,REVIEW_REQUIRED,REVIEW_REQUIRED
src/Files.App/Assets/tile-0-300x300.png,eb97b9fa00d8d0b8d80967cc04f045a45a5549edd22242ad08f066f1e1ade2ae,Files baseline 99951c66928c4da714da8b1dd46039421182cbab; verify package-specific origin,NOASSERTION,REVIEW_REQUIRED,REVIEW_REQUIRED
